program,grad_year,job_title,employer,industry,city,source
Masters in Financial Analysis,2023,Analyst,TorchPartners,,London - United Kingdom,
Masters in Financial Analysis,2023,Consultant,Plural Strategy,,London - United Kingdom,
Masters in Financial Analysis,2023,Analyst,JP Morgan Chase,,London - United Kingdom,Internship Conversion (student-facilitated)
Masters in Analytics and Management,2023,,BMW + PHD,,,
Masters in Analytics and Management,2023,Senior Analyst,Social Finance,,London - United Kingdom,
Masters in Management,2023,Analyst,HSBC,,,
Masters in Financial Analysis,2023,,Rothschild & Co.,,,
Masters in Analytics and Management,2023,,Anduril,,,
Masters in Financial Analysis,2023,,Partners Group,,,
Masters in Financial Analysis,2024,Intern,Societe Generale,,Paris - France,
Masters in Analytics and Management,2024,,Huatai,,,
Masters in Analytics and Management,2024,Equity Research Analyst,HSBC,,,
Masters in Management,2024,,Octopayments,,,
Masters in Management,2024,GMT Program,AB InBev,,Brussels - Belgium,
Masters in Management,2024,Consultant,Humatica,,London - United Kingdom,
Masters in Management,2024,Category Manager,Urban Company,,Dubai - United Arab Emirates,
Masters in Management,2024,Business Developement Analyst,Metro Asset Management,,Shanghai - China,Networking (student-facilitated)
Masters in Analytics and Management,2024,,Procter & Gamble,,Zurich - Switzerland,
Masters in Analytics and Management,2025,AI Data Analytics,Fluent,,London - United Kingdom,
Masters in Analytics and Management,2024,,Therminer,,,
Masters in Analytics and Management,2024,Investment Analyst,Verdigris Strategic Ltd,,London - United Kingdom,
Masters in Analytics and Management,2024,Implementation Consultant,Aulysius,,London - United Kingdom,
Masters in Financial Analysis,2025,Investment Banking Analyst,Jefferies,,London - United Kingdom,
Masters in Analytics and Management,2025,IT Consultant,BCG Platinion,,London - United Kingdom,
Masters in Analytics and Management,2025,Strategy and Operations Lead,Performio,,London - United Kingdom,
Masters in Analytics and Management,2025,,CITIC,,,
Masters in Analytics and Management,2025,Off Cycle Analyst,Local Chinese M&A Advisory,,Shanghai - China,
Masters in Analytics and Management,2025,Off Cycle Intern,Lazard,,Hong Kong - Hong Kong S.A.R.,
Masters in Analytics and Management,2025,User Acquisition Analyst,Tripledot Studios,,London - United Kingdom,
Masters in Analytics and Management,2025,FT Analyst,4 Eyes Capital,,,
Masters in Analytics and Management,2025,,Morgan Stanley,,Hong Kong - Hong Kong S.A.R.,
Masters in Analytics and Management,2025,Analyst,JP Morgan Chase,,Shanghai - China,
Masters in Management,2025,,McKinsey & Company,,Shanghai - China,
Masters in Analytics and Management,2025,Analyst,Citi,,Hong Kong - Hong Kong S.A.R.,
Masters in Management,2023,Advisory Associate,Grant Thornton,Consulting,London - United Kingdom,Other (student-facilitated)
Masters in Financial Analysis,2023,Associate,Boston Consulting Group,Consulting,Dubai - United Arab Emirates,Other (student-facilitated)
Masters in Analytics and Management,2023,Data Scientist,Simon - Kucher & Partners,Consulting,London (City of) - United Kingdom,Internship Conversion (LBS-facilitated)
Masters in Management,2023,Consulting Analyst,Roland Berger,Consulting,Dubai - United Arab Emirates,Other (LBS-facilitated)
Masters in Management,2024,Associate Consultant,OC&C Strategy Consultants,Consulting,London - United Kingdom,Other (student-facilitated)
Masters in Management,2024,Associate Consultant,Strategy&,Consulting,London - United Kingdom,LBS Job Board
Masters in Management,2024,Associate Consultant (Graduate Consulting),Sia Partners,Consulting,London - United Kingdom,LBS Job Board
Masters in Management,2023,Associate,Strategy&,Consulting,Dubai - United Arab Emirates,Other (student-facilitated)
Masters in Financial Analysis,2023,Analyst,Accuracy,Consulting,London - United Kingdom,Other (student-facilitated)
Masters in Financial Analysis,2023,Analyst,Accuracy,Consulting,London - United Kingdom,Other (student-facilitated)
Masters in Management,2023,Associate Consultant (Graduate Consulting),Oliver Wyman,Consulting,Milan - Italy,Networking (student-facilitated)
Masters in Financial Analysis,2023,Associate,Boston Consulting Group,Consulting,Copenhagen - Denmark,Networking (student-facilitated)
Masters in Financial Analysis,2023,Business Analyst,McKinsey & Company,Consulting,Paris - France,Other (student-facilitated)
Masters in Analytics and Management,2023,Specialist Associate Consultant,Bain & Company,Consulting,London - United Kingdom,On-Campus Recruiting
Masters in Management,2023,Associate Consultant 2,Fide Partners,Consulting,London - United Kingdom,On-Campus Recruiting
Masters in Management,2023,Associate Consultant,Oliver Wyman,Consulting,Dubai - United Arab Emirates,Other (student-facilitated)
Masters in Financial Analysis,2023,Analyst,Baringa Partners,Consulting,London - United Kingdom,Other (student-facilitated)
Masters in Management,2023,Business Analyst,3HORIZONS,Consulting,London (City of) - United Kingdom,CV Book
Masters in Management,2023,Consultant A,Corporate Value Associates,Consulting,Dubai - United Arab Emirates,Other (student-facilitated)
Masters in Management,2023,Associate Consultant Intern,Simon - Kucher & Partners,Consulting,London (City of) - United Kingdom,Other (student-facilitated)
Masters in Management,2023,Associate,Strategy&,Consulting,Dubai - United Arab Emirates,Other (student-facilitated)
Masters in Management,2023,Associate Consultant,Bain & Company,Consulting,Brussels - Belgium,Networking (LBS-facilitated)
Masters in Financial Analysis,2024,Associate,Boston Consulting Group,Consulting,Dubai - United Arab Emirates,Internship Conversion (student-facilitated)
Masters in Analytics and Management,2023,Consulting Analyst,Roland Berger,Consulting,Dubai - United Arab Emirates,Internship Conversion (student-facilitated)
Masters in Management,2023,Associate Consultant,OC&C Strategy Consultants,Consulting,London - United Kingdom,Other (student-facilitated)
Masters in Management,2023,Data Analytics Intern,BearingPoint,Consulting,Paris - France,Other (student-facilitated)
Masters in Management,2023,Associate,Boston Consulting Group,Consulting,Dubai - United Arab Emirates,Other (student-facilitated)
Masters in Management,2024,Business Analyst,Kearney,Consulting,Dubai - United Arab Emirates,Networking (LBS-facilitated)
Masters in Management,2023,Associate Consultant,Strategy&,Consulting,Dubai - United Arab Emirates,Other (student-facilitated)
Masters in Management,2023,Business Analyst,Kearney,Consulting,Dubai - United Arab Emirates,On-Campus Recruiting
Masters in Management,2023,Junior Consultant,Advancy,Consulting,London - United Kingdom,Networking (student-facilitated)
Masters in Management,2023,Associate Consultant (Graduate Consulting),Boston Consulting Group,Consulting,Munich - Germany,Other (student-facilitated)
Masters in Management,2024,Associate Consultant (Graduate Consulting),Strategy&,Consulting,Dubai - United Arab Emirates,Networking (LBS-facilitated)
Masters in Analytics and Management,2023,Analyst,Pearson Ham,Consulting,London - United Kingdom,Other (LBS-facilitated)
Masters in Management,2023,Associate Consultant (Graduate Consulting),Oliver Wyman,Consulting,Doha - Qatar,Networking (student-facilitated)
Masters in Management,2023,Business Analyst,Kearney,Consulting,Dubai - United Arab Emirates,Networking (LBS-facilitated)
Masters in Analytics and Management,2023,Consulting Analyst,Altman Solon,Consulting,London - England - United Kingdom,Other (student-facilitated)
Masters in Analytics and Management,2023,Analyst / Associate,Boston Consulting Group,Consulting,Dubai - United Arab Emirates,On-Campus Recruiting
Masters in Analytics and Management,2023,Consultant,Cairneagle Associates,Consulting,London - United Kingdom,Other (student-facilitated)
Masters in Management,2023,Associate,Boston Consulting Group,Consulting,Dubai - United Arab Emirates,Other (student-facilitated)
Masters in Management,2023,Analyst / Associate,Boston Consulting Group,Consulting,Warsaw - Poland,Networking (student-facilitated)
Masters in Management,2023,Analyst / Associate,Boston Consulting Group,Consulting,London - United Kingdom,Networking (student-facilitated)
Masters in Management,2023,Junior Consultant,Advancy,Consulting,London - United Kingdom,On-Campus Recruiting
Masters in Analytics and Management,2023,Analyst / Associate,Boston Consulting Group,Consulting,Warsaw - Poland,Pre-MBA Employer
Masters in Analytics and Management,2023,Associate,Boston Consulting Group,Consulting,Dubai - United Arab Emirates,Other (student-facilitated)
Masters in Analytics and Management,2023,Junior Business Analyst,3H Partners,Consulting,London - United Kingdom,LBS Job Board
Masters in Financial Analysis,2023,Consultant,Simon - Kucher & Partners,Consulting,Dubai - United Arab Emirates,Networking (student-facilitated)
Masters in Analytics and Management,2023,Economic and Financial Consultant,FTI Consulting,Consulting,London - United Kingdom,
Masters in Financial Analysis,2023,Analyst / Associate,Boston Consulting Group,Consulting,Munich - Germany,Networking (student-facilitated)
Masters in Analytics and Management,2023,Business Analyst,Kearney,Consulting,Warsaw - Poland,
Masters in Management,2023,Strategy Analyst Intern,Altai Consulting,Consulting,Paris - France,
Masters in Management,2023,Associate Consultant,Boston Consulting Group,Consulting,Dubai - United Arab Emirates,LBS Job Board
Masters in Management,2023,Business Analyst,AlixPartners,Consulting,London - United Kingdom,Internship Conversion (LBS-facilitated)
Masters in Management,2023,Consultant,Capgemini Invent,Consulting,Paris - France,Networking (student-facilitated)
Masters in Analytics and Management,2023,Associate,Boston Consulting Group,Consulting,Berlin - Germany,Other (student-facilitated)
Masters in Management,2023,Senior Associate Consultant,Strategic Analytics,Consulting,London - United Kingdom,Other (student-facilitated)
Masters in Management,2023,Analyst / Associate,Boston Consulting Group,Consulting,Dubai - United Arab Emirates,Networking (LBS-facilitated)
Masters in Management,2023,Analyst / Associate,Boston Consulting Group,Consulting,Dubai - United Arab Emirates,Other (student-facilitated)
Masters in Analytics and Management,2023,Associate Consultant,Mars & Co,Consulting,London - United Kingdom,Other (student-facilitated)
Masters in Management,2023,Associate Consultant,EY-Parthenon,Consulting,London - United Kingdom,LBS Job Board
Masters in Management,2023,Business Analyst 2,Integration Management Consulting,Consulting,London - United Kingdom,On-Campus Recruiting
Masters in Analytics and Management,2024,Junior Consultant,Roland Berger,Consulting,Shanghai - China,Other (student-facilitated)
Masters in Management,2023,Junior Consultant,Advancy,Consulting,London - United Kingdom,LBS Job Board
Masters in Management,2023,Consultant,Oliver Wyman,Consulting,Riyadh - Saudi Arabia,Networking (student-facilitated)
Masters in Management,2023,Junior Associate,McKinsey & Company,Consulting,Brussels - Belgium,Other (student-facilitated)
Masters in Management,2023,Business Analyst,Kearney,Consulting,Dubai - United Arab Emirates,LBS Job Board
Masters in Management,2023,Strategy & Operations Consultant,Newton Europe,Consulting,London - United Kingdom,Other (student-facilitated)
Masters in Management,2023,Junior Consultant,Roland Berger,Consulting,Hamburg - Germany,Internship Conversion (student-facilitated)
Masters in Financial Analysis,2023,Summer Intern,Boston Consulting Group,Consulting,Shanghai - China,Other (student-facilitated)
Masters in Management,2024,Analyst / Associate,Boston Consulting Group,Consulting,Shanghai - China,Internship Conversion (LBS-facilitated)
Masters in Management,2023,Consulting Analyst,Roland Berger,Consulting,Dubai - United Arab Emirates,Other (student-facilitated)
Masters in Management,2024,Consultant,Oliver Wyman,Consulting,Sydney - Australia,Other (student-facilitated)
Masters in Management,2024,Associate Consultant,Boston Consulting Group,Consulting,Munich - Germany,Other (student-facilitated)
Masters in Management,2024,Senior Consultant,Oliver Wyman,Consulting,Munich - Germany,Internship Conversion (student-facilitated)
Masters in Management,2024,Associate,AlphaSights,Consulting,London - United Kingdom,Other (student-facilitated)
Masters in Analytics and Management,2024,Management Analyst,BearingPoint,Consulting,London - United Kingdom,Networking (student-facilitated)
Masters in Management,2024,Associate Consultant,Capco,Consulting,London - United Kingdom,Other (student-facilitated)
Masters in Management,2025,Junior Consultant,Roland Berger,Consulting,Nafferton - United Kingdom,Networking (student-facilitated)
Masters in Analytics and Management,2024,Data & AI Analyst,Deloitte,Consulting,Brussels - Belgium,Other (student-facilitated)
Masters in Analytics and Management,2024,Data Analytics Intern,Boston Consulting Group,Consulting,Paris - France,
Masters in Analytics and Management,2024,Junior Research Analyst,McKinsey & Company,Consulting,Hanoi - Vietnam,Other (student-facilitated)
Masters in Analytics and Management,2024,Supply Chain Consultant,Bluecrux,Consulting,Mechelen - Belgium,Other (student-facilitated)
Masters in Financial Analysis,2024,Senior Business Analyst,Kearney,Consulting,Berlin - Germany,Networking (student-facilitated)
Masters in Management,2024,Business Annalyst,AlixPartners,Consulting,London - United Kingdom,Other (student-facilitated)
Masters in Management,2024,Graduate consultant,Ramboll,Consulting,London - United Kingdom,On-Campus Recruiting
Masters in Management,2024,Associate Consultant,Strategy&,Consulting,Dubai - United Arab Emirates,Other (student-facilitated)
Masters in Management,2024,Fellow Consultant,McKinsey & Company,Consulting,Zürich - Switzerland,Networking (student-facilitated)
Masters in Management,2024,Associate,Boston Consulting Group,Consulting,Dubai - United Arab Emirates,On-Campus Recruiting
Masters in Management,2025,Associate Consultnat,OC&C Strategy Consultants,Consulting,Hong Kong - Hong Kong S.A.R.,Other (student-facilitated)
Masters in Management,2024,Economic and Financial Consultant,FTI Consulting,Consulting,London - United Kingdom,Internship Conversion (student-facilitated)
Masters in Management,2025,Associate Consultant,EY-Parthenon,Consulting,London - United Kingdom,LBS Job Board
Masters in Management,2024,Associate,Fairgrove Partners,Consulting,London - United Kingdom,Other (student-facilitated)
Masters in Financial Analysis,2025,Associate,Alvarez & Marsal,Consulting,London - United Kingdom,Networking (student-facilitated)
Masters in Financial Analysis,2024,Consultant Transaction Sevices & Private Equity,Simon - Kucher & Partners,Consulting,Berlin - Germany,Other (student-facilitated)
Masters in Analytics and Management,2024,Associate Consultant Intern,Bain & Company,Consulting,Madrid - Spain,Networking (student-facilitated)
Masters in Analytics and Management,2024,"Associate, Level 2 im Corporate & Business Strategy Team/S& Home",Strategy&,Consulting,Munich - Germany,Other (student-facilitated)
Masters in Analytics and Management,2024,Data & AI Strategy Consultant,Accenture,Consulting,Paris - France,Other (student-facilitated)
Masters in Management,2024,Associate Consultant,OC&C Strategy Consultants,Consulting,London - United Kingdom,On-Campus Recruiting
Masters in Management,2024,Senior Business Analyst,Kearney,Consulting,Berlin - Germany,Internship Conversion (student-facilitated)
Masters in Management,2024,Analyst / Associate,Boston Consulting Group,Consulting,Berlin - Germany,Other (student-facilitated)
Masters in Management,2024,Associate Consultant,Boston Consulting Group,Consulting,Munich - Germany,Other (student-facilitated)
Masters in Financial Analysis,2024,Junior Associate,McKinsey & Company,Consulting,Stockholm - Sweden,Other (student-facilitated)
Masters in Management,2024,Business Analyst 1,Arthur D. Little,Consulting,London - United Kingdom,Networking (student-facilitated)
Masters in Management,2024,Analyst / Associate,Strategy&,Consulting,Dubai - United Arab Emirates,Networking (student-facilitated)
Masters in Management,2024,Intern,Capgemini Invent,Consulting,Paris - France,
Masters in Management,2024,Consultant,OC&C Strategy Consultants,Consulting,London - United Kingdom,
Masters in Analytics and Management,2024,Associate Consultant,Teneo Consulting,Consulting,London - United Kingdom,Networking (LBS-facilitated)
Masters in Management,2024,Junior Consultant,Roland Berger,Consulting,London - United Kingdom,Internship Conversion (LBS-facilitated)
Masters in Management,2024,Analyst / Associate,Strategy&,Consulting,Dubai - United Arab Emirates,Other (student-facilitated)
Masters in Analytics and Management,2024,Analyst,Accenture,Consulting,Zurich - Switzerland,Other (student-facilitated)
Masters in Management,2024,Junior Consultant Intern - Energy Transition & Utilities,Capgemini Invent,Consulting,Paris - France,Networking (student-facilitated)
Masters in Financial Analysis,2024,Analyst / Associate,Strategy&,Consulting,Zurich - Switzerland,Networking (student-facilitated)
Masters in Management,2025,Analyst / Associate,Boston Consulting Group,Consulting,Shanghai - China,On-Campus Recruiting
Masters in Analytics and Management,2024,Associate Consultant - Analytics,OC&C Strategy Consultants,Consulting,London - United Kingdom,Other (LBS-facilitated)
Masters in Management,2024,Associate Consultant,OC&C Strategy Consultants,Consulting,London - United Kingdom,Other (student-facilitated)
Masters in Management,2025,Entry level consultant,Oliver Wyman,Consulting,Hong Kong - Hong Kong S.A.R.,On-Campus Recruiting
Masters in Management,2024,Associate Consultant (Graduate Consulting),Roland Berger,Consulting,Amsterdam - Netherlands,Other (student-facilitated)
Masters in Management,2025,London Consulting Graduate Scheme,Accenture,Consulting,London - United Kingdom,LBS Job Board
Masters in Management,2025,Supply Chain and Procurement Consultant Intern,BCG Inverto,Consulting,Paris - France,Networking (student-facilitated)
Masters in Analytics and Management,2025,Strategy Insights and Planning Associate,ZS Associates,Consulting,London - United Kingdom,Pre-MBA Employer
Masters in Management,2025,Consultant,Simon - Kucher & Partners,Consulting,London - United Kingdom,Internship Conversion (student-facilitated)
Masters in Management,2025,Associate Consultant,Simon - Kucher & Partners,Consulting,Paris - France,
Masters in Management,2025,Analyst / Associate,Boston Consulting Group,Consulting,Prague - Czech Republic,Other (student-facilitated)
Masters in Management,2025,Energy Consultant,ARUP,Consulting,London - United Kingdom,Other (student-facilitated)
Masters in Management,2025,Assistant Insurance,KPMG,Consulting,Zurich - Switzerland,Other (student-facilitated)
Masters in Financial Analysis,2025,Associate Consultant,Bain & Company,Consulting,Munich - Germany,Other (student-facilitated)
Masters in Management,2026,Strategy Insights and Planning Associate,ZS Associates,Consulting,London - United Kingdom,On-Campus Recruiting
Masters in Management,2025,Analyst (Intern),Altman Solon,Consulting,London - United Kingdom,Other (student-facilitated)
Masters in Management,2025,Consulting Intern,Boston Consulting Group,Consulting,Milan - Italy,Internship Conversion (student-facilitated)
Masters in Financial Analysis,2025,Analyst,Alvarez & Marsal,Consulting,Paris - France,Internship Conversion (student-facilitated)
Masters in Management,2025,Associate Consultant,Bain & Company,Consulting,London - United Kingdom,Internship Conversion (student-facilitated)
Masters in Management,2025,Junior Consultant,Advancy,Consulting,London - United Kingdom,Alumni Referral
Masters in Financial Analysis,2025,Research Analyst,The Brattle Group,Consulting,London - United Kingdom,Other (student-facilitated)
Masters in Management,2025,Associate,Boston Consulting Group,Consulting,Munich - Germany,Networking (student-facilitated)
Masters in Analytics and Management,2025,Graduate consultant,ARUP,Consulting,London - United Kingdom,Other (student-facilitated)
Masters in Management,2026,Associate,Boston Consulting Group,Consulting,Shanghai - China Mainland,Alumni Referral
Masters in Management,2025,Junior Consultant,Roland Berger,Consulting,Shanghai - China,Other (student-facilitated)
Masters in Management,2025,Business Analyst,Arthur D. Little,Consulting,Shanghai - China,Other (student-facilitated)
Masters in Management,2025,Business Analyst,Efficio,Consulting,London - United Kingdom,Other (student-facilitated)
Masters in Management,2025,Associate Consultant,Bain & Company,Consulting,Munich - Germany,Other (student-facilitated)
Masters in Analytics and Management,2025,Junior Audit Analyst,Deloitte,Consulting,London - United Kingdom,
Masters in Analytics and Management,2025,Associate Consultant,BCG Platinion,Consulting,London - United Kingdom,Alumni Referral
Masters in Analytics and Management,2025,Associate,Boston Consulting Group,Consulting,Munich - Germany,Other (student-facilitated)
Masters in Management,2025,Associate Consultant,Teneo Consulting,Consulting,Dubai - United Arab Emirates,LBS Job Board
Masters in Analytics and Management,2025,Associate Consultant,Kaiser Associates,Consulting,London - United Kingdom,Networking (LBS-facilitated)
Masters in Analytics and Management,2025,Analyst - Analytics,CIL Management Consultants,Consulting,London - United Kingdom,LBS Job Board
Masters in Management,2025,Associate Consultant,Boston Consulting Group,Consulting,Munich - Germany,Other (student-facilitated)
Masters in Management,2025,Business Analyst / Senior Business Analyst,McKinsey & Company,Consulting,Warsaw - Poland,Internship Conversion (student-facilitated)
Masters in Management,2025,Consultant,Simon - Kucher & Partners,Consulting,Cologne - Germany,Other (student-facilitated)
Masters in Management,2025,Associate Consultant,Bain & Company,Consulting,Bangkok - Thailand,Other (student-facilitated)
Masters in Management,2025,Financial risk consultant,EY,Consulting,Paris - France,Networking (student-facilitated)
Masters in Management,2025,Associate Consultant (A3),Bain & Company,Consulting,Munich - Germany,Other (student-facilitated)
Masters in Financial Analysis,2025,Associate Consultnat,Bain & Company,Consulting,Zurich - Switzerland,Other (student-facilitated)
Masters in Financial Analysis,2025,Visiting Consultant,FTI Andersch,Consulting,Frankfurt Am Main - Germany,Other (student-facilitated)
Masters in Management,2025,Management Consulting Analyst,Accenture,Consulting,Edinburgh - United Kingdom,Other (student-facilitated)
Masters in Analytics and Management,2026,Associate,Bain & Company,Consulting,Gurgaoon - India,Other (student-facilitated)
Masters in Management,2025,Associate,Boston Consulting Group,Consulting,Zurich - Switzerland,Internship Conversion (student-facilitated)
Masters in Management,2025,Senior Associate,PwC,Consulting,Hamburg - Germany,Pre-MBA Employer
Masters in Management,2025,Analyst,Monitor Deloitte,Consulting,Shanghai - China,Other (student-facilitated)
Masters in Management,2025,Associate,Boston Consulting Group,Consulting,Beijing - China,Networking (student-facilitated)
Masters in Financial Analysis,2025,FP&A Analyst,Vic Beaute,Consumer Products - Consumer Products,São Paulo - Brazil,Other (student-facilitated)
Masters in Management,2023,Brand Manager,Procter & Gamble,Consumer Products - FMCG,Frankfurt Am Main - Germany,Other (student-facilitated)
Masters in Management,2024,Global Management Trainee,AB InBev,Consumer Products - FMCG,Paris - France,Other (student-facilitated)
Masters in Management,2023,Brand Management Intern,Procter & Gamble,Consumer Products - FMCG,Geneva - Switzerland,Alumni Referral
Masters in Management,2024,Founder's Associate,Flummox,Consumer Products - FMCG,London - United Kingdom,Other (student-facilitated)
Masters in Management,2024,Brand Manager,Procter & Gamble,Consumer Products - FMCG,London (Weybridge) - United Kingdom,Other (student-facilitated)
Masters in Management,2024,Data consultant intern,DNG,Consumer Products - FMCG,Paris - France,Other (student-facilitated)
Masters in Management,2025,Market Category Specialist - Logistics (first year rotation),Diageo,Consumer Products - FMCG,Glasgow - United Kingdom,Other (student-facilitated)
Masters in Analytics and Management,2023,Reward Analyst,Richemont,Consumer Products - Luxury Goods,Geneva - Switzerland,Other (student-facilitated)
Masters in Management,2024,Strategic Communications Assistant,Richemont,Consumer Products - Luxury Goods,London - United Kingdom,Alumni Referral
Masters in Management,2024,Jewellery & Accessories Product Manager Assistant - Intern,Cartier International,Consumer Products - Luxury Goods,London - United Kingdom,
Masters in Management,2025,Business Controller Intern,Richemont,Consumer Products - Luxury Goods,London - United Kingdom,Alumni Referral
Masters in Management,2025,Regional Operations Intern,Cartier International,Consumer Products - Luxury Goods,Geneva - Switzerland,Other (student-facilitated)
Masters in Management,2025,International Online Retail Partnerships Intern,Cartier International,Consumer Products - Luxury Goods,Geneva - Switzerland,Other (student-facilitated)
Masters in Management,2025,SPRING Product Leaders - Graduate Program,LVMH,Consumer Products - Luxury Goods,Paris - France,LBS Job Board
Masters in Management,2024,Financial Accountant,EF Education First,Education/Training,St.Julians - Malta,Other (student-facilitated)
Masters in Management,2025,Head of Operations,MIM Prep,Education/Training,London - United Kingdom,
Masters in Financial Analysis,2023,Commercial Graduate Scheme,SSE plc,Energy - Oil & Gas and Utilities,Reading - United Kingdom,Other (student-facilitated)
Masters in Management,2023,Commercial Analyst,bp,Energy - Oil & Gas and Utilities,London - United Kingdom,Other (student-facilitated)
Masters in Analytics and Management,2023,Power and gas analyst,Gunvor Group,Energy - Oil & Gas and Utilities,London - United Kingdom,
Masters in Analytics and Management,2023,Power & Gas analyst,Gunvor Group,Energy - Oil & Gas and Utilities,London - United Kingdom,Internship Conversion (LBS-facilitated)
Masters in Financial Analysis,2023,Finance Graduate,bp,Energy - Oil & Gas and Utilities,Baku - Azerbaijan,Other (student-facilitated)
Masters in Management,2023,Business Graduate,Schneider Electric,Energy - Oil & Gas and Utilities,England - United Kingdom,LBS Job Board
Masters in Analytics and Management,2024,International Trainee,Statkraft,Energy - Oil & Gas and Utilities,Dusseldorf - Germany,LBS Job Board
Masters in Financial Analysis,2024,Senior Financial Analyst - M&A and FP&A,Transocean,Energy - Oil & Gas and Utilities,Houston - TX,Other (student-facilitated)
Masters in Management,2024,Commodity Trading Graduate,Centrica Energy Trading,Energy - Oil & Gas and Utilities,London - United Kingdom,LBS Job Board
Masters in Management,2025,Financial Markets Analyst,Shell,Energy - Oil & Gas and Utilities,London - United Kingdom,Other (student-facilitated)
Masters in Management,2024,Product Management,bp,Energy - Oil & Gas and Utilities,London - United Kingdom,On-Campus Recruiting
Masters in Management,2025,Proposals Coordinator,Penspen,Energy - Oil & Gas and Utilities,London - United Kingdom,Other (student-facilitated)
Masters in Management,2025,Finance intern,Baker Hughes,Energy - Oil & Gas and Utilities,London-England - United Kingdom,Other (student-facilitated)
Masters in Management,2025,Junior Business Analyst,Mercuria,Energy - Oil & Gas and Utilities,London - United Kingdom,Networking (student-facilitated)
Masters in Financial Analysis,2024,Business Development Analyst Intern,VTTI,Energy - Renewables,London - United Kingdom,Other (student-facilitated)
Masters in Financial Analysis,2024,Analyst,EBRD,Finance - Central Banks/Ministries/Regulation/Public Finance,Istanbul - Turkey,Networking (student-facilitated)
Masters in Financial Analysis,2023,Private Equity Off-Cycle Analyst,Temasek,Finance - Central Banks/Ministries/Regulation/Public Finance,London - United Kingdom,Other (student-facilitated)
Masters in Financial Analysis,2025,Ratings Associate,Moody's Investor Service,Finance - Central Banks/Ministries/Regulation/Public Finance,London - United Kingdom,Internship Conversion (student-facilitated)
Masters in Financial Analysis,2023,Global Market Management Trainee,Bank of China Hong Kong,Finance - Commercial Banking/Project Finance,Central Hong Kong - Hong Kong S.A.R.,Other (student-facilitated)
Masters in Management,2024,Analyst,HSBC Private Bank,Finance - Commercial Banking/Project Finance,Hong Kong - Hong Kong S.A.R.,Internship Conversion (student-facilitated)
Masters in Management,2024,Finance Controlling Intern,JP Morgan Chase,Finance - Commercial Banking/Project Finance,Shanghai - China,On-Campus Recruiting
Masters in Management,2024,Off-Cycle Analyst,JP Morgan Chase,Finance - Commercial Banking/Project Finance,Shanghai - China Mainland,Other (student-facilitated)
Masters in Management,2024,"Investment Banking, M&A Off-cycle analyst",ING Group,Finance - Commercial Banking/Project Finance,London - United Kingdom,Alumni Referral
Masters in Financial Analysis,2024,Investment Banking Off-Cycle Intern,ING Group,Finance - Commercial Banking/Project Finance,London - United Kingdom,LBS Job Board
Masters in Financial Analysis,2024,Investment Banking Off-Cycle Intern,Intesa Sanpaolo,Finance - Commercial Banking/Project Finance,London - United Kingdom,Other (student-facilitated)
Masters in Financial Analysis,2024,Graduate Analyst - Client Coverage,Standard Chartered Bank,Finance - Commercial Banking/Project Finance,London - United Kingdom,Internship Conversion (LBS-facilitated)
Masters in Management,2024,Account Manager,TD Bank Financial Group,Finance - Commercial Banking/Project Finance,Hamilton - ON - Canada,Networking (student-facilitated)
Masters in Financial Analysis,2025,Corporate Credit Research Analyst,ING Group,Finance - Commercial Banking/Project Finance,London - United Kingdom,Networking (student-facilitated)
Masters in Financial Analysis,2025,Structured Finance Intern,Intesa Sanpaolo,Finance - Commercial Banking/Project Finance,London - United Kingdom,Other (student-facilitated)
Masters in Financial Analysis,2025,"Investment Banking, M&A Off-cycle analyst",ING Group,Finance - Commercial Banking/Project Finance,London (City of) - United Kingdom,LBS Job Board
Masters in Financial Analysis,2025,Corporate Banking Analyst,Deutsche Bank,Finance - Commercial Banking/Project Finance,London - United Kingdom,Internship Conversion (student-facilitated)
Masters in Financial Analysis,2025,Corporate Banking Coverage Intern,ING Group,Finance - Commercial Banking/Project Finance,London - United Kingdom,Other (student-facilitated)
Masters in Financial Analysis,2025,Graduate Management Associate,DBS Bank,Finance - Commercial Banking/Project Finance,Beijing - China,Internship Conversion (student-facilitated)
Masters in Analytics and Management,2025,Fintech Product Manager,Merchants Union Consumer Finance Company Limited,Finance - Commercial Banking/Project Finance,Shenzhen - China,Other (student-facilitated)
Masters in Management,2023,Private debt analyst,LGT Capital Partners,Finance - Hedge Funds/Alternative investments,London (City of) - United Kingdom,LBS Job Board
Masters in Management,2023,Investment analyst intern,Amber Capital,Finance - Hedge Funds/Alternative investments,London - United Kingdom,Other (student-facilitated)
Masters in Financial Analysis,2023,6-month Internship,Waha Capital,Finance - Hedge Funds/Alternative investments,Abu Dhabi - United Arab Emirates,LBS Job Board
Masters in Financial Analysis,2023,Private Equity Analyst,LGT Capital Partners,Finance - Hedge Funds/Alternative investments,Pfaeffikon - Switzerland,Other (student-facilitated)
Masters in Analytics and Management,2023,Analyst,Coghill Capital Management,Finance - Hedge Funds/Alternative investments,Chicago - IL,Student Club / Club Event
Masters in Financial Analysis,2023,Academy Associate,Point72,Finance - Hedge Funds/Alternative investments,,Internship Conversion (student-facilitated)
Masters in Financial Analysis,2023,Equity Research Associate,Pinpoint Asset Management,Finance - Hedge Funds/Alternative investments,Marina Bay - Singapore,Networking (student-facilitated)
Masters in Financial Analysis,2023,Private Credit Intern,Chenavari Investment Managers,Finance - Hedge Funds/Alternative investments,London - United Kingdom,
Masters in Management,2024,Equity L/S Research Analyst,Millennium Capital Partners LLC,Finance - Hedge Funds/Alternative investments,London - United Kingdom,Other (student-facilitated)
Masters in Financial Analysis,2023,Trader,Aspect Capital,Finance - Hedge Funds/Alternative investments,London - United Kingdom,Other (student-facilitated)
Masters in Management,2025,Global Client Group Rotational Analyst,Nuveen Investments,Finance - Hedge Funds/Alternative investments,London - United Kingdom,Other (student-facilitated)
Masters in Financial Analysis,2024,Quantitative Research Intern,Ofi Invest Asset Management,Finance - Hedge Funds/Alternative investments,Paris - France,
Masters in Financial Analysis,2024,Private Credit Trainnee,Muzinich & Co,Finance - Hedge Funds/Alternative investments,Paris - France,Other (student-facilitated)
Masters in Financial Analysis,2024,Long/Short Equity Off-Cycle Intern,Davidson Kempner Capital Management,Finance - Hedge Funds/Alternative investments,London - United Kingdom,Other (student-facilitated)
Masters in Financial Analysis,2024,L/S Credit Analyst,Adira Investment Management,Finance - Hedge Funds/Alternative investments,London - United Kingdom,LBS Job Board
Masters in Financial Analysis,2025,Investment Analyst Intern,Melqart Asset Management,Finance - Hedge Funds/Alternative investments,London - United Kingdom,Other (student-facilitated)
Masters in Financial Analysis,2025,Junior Commodity Fundamental Analyst,Squarepoint,Finance - Hedge Funds/Alternative investments,London - United Kingdom,Other (student-facilitated)
Masters in Management,2025,Investment Analyst Intern,Quadrille Capital,Finance - Hedge Funds/Alternative investments,Paris - France,Other (student-facilitated)
Masters in Financial Analysis,2025,Hedge Fund Trader,UG Investment Advisers,Finance - Hedge Funds/Alternative investments,Taipei - Taiwan,Networking (student-facilitated)
Masters in Financial Analysis,2025,Long Short Equity Analyst,Marshall Wace LLP,Finance - Hedge Funds/Alternative investments,Hong Kong - Hong Kong S.A.R.,Other (student-facilitated)
Masters in Financial Analysis,2025,Equity L/S Analyst,Point72,Finance - Hedge Funds/Alternative investments,Dubai - United Arab Emirates,Alumni Referral
Masters in Financial Analysis,2025,Research Analyst Intern,Zeno Equity Partners,Finance - Hedge Funds/Alternative investments,London - United Kingdom,Alumni Referral
Masters in Financial Analysis,2025,Quantitative Trading Analyst,Maven Securities,Finance - Hedge Funds/Alternative investments,London - United Kingdom,Other (student-facilitated)
Masters in Analytics and Management,2025,Trading & Supply Chain Graduate,Gunvor Group,Finance - Hedge Funds/Alternative investments,Geneva - Switzerland,On-Campus Recruiting
Masters in Management,2023,Financial Analyst - Debt Capital Markets,Iroko Securities,Finance - Investment Banking/Brokerage,London - United Kingdom,Networking (student-facilitated)
Masters in Financial Analysis,2023,Investment Banking Intern - Energy,Hannam & Partners,Finance - Investment Banking/Brokerage,London - United Kingdom,Other (student-facilitated)
Masters in Financial Analysis,2023,Analyst,Moelis & Company,Finance - Investment Banking/Brokerage,London - United Kingdom,Internship Conversion (student-facilitated)
Masters in Management,2023,FIG M&A Off Cycle Intern,BNP Paribas,Finance - Investment Banking/Brokerage,London - United Kingdom,Other (student-facilitated)
Masters in Management,2023,Investment Banking Off cycle intern,Arma Partners,Finance - Investment Banking/Brokerage,London - United Kingdom,Alumni Referral
Masters in Management,2023,Investment Banking Analyst,UBS,Finance - Investment Banking/Brokerage,London - United Kingdom,Internship Conversion (student-facilitated)
Masters in Financial Analysis,2023,Investment Banking Analyst,TorchPartners,Finance - Investment Banking/Brokerage,London - United Kingdom,Internship Conversion (student-facilitated)
Masters in Management,2023,Analyst - Capital Markets,BNP Paribas,Finance - Investment Banking/Brokerage,Sydney - Australia,Networking (student-facilitated)
Masters in Financial Analysis,2023,Analytics Intern,Natixis,Finance - Investment Banking/Brokerage,London - United Kingdom,Other (LBS-facilitated)
Masters in Management,2023,Investment Banking M&A Analyst,BNP Paribas,Finance - Investment Banking/Brokerage,London - United Kingdom,Other (student-facilitated)
Masters in Financial Analysis,2023,Investment Banking Off-Cycle Analyst,Morgan Stanley,Finance - Investment Banking/Brokerage,London - United Kingdom,Other (student-facilitated)
Masters in Financial Analysis,2023,Rates Trading Analyst,Nomura,Finance - Investment Banking/Brokerage,London - United Kingdom,Internship Conversion (student-facilitated)
Masters in Financial Analysis,2023,Investment Banking Analyst,Morgan Stanley,Finance - Investment Banking/Brokerage,Hong Kong - Hong Kong S.A.R.,Other (student-facilitated)
Masters in Financial Analysis,2023,Real Estate Investing Analyst,Morgan Stanley,Finance - Investment Banking/Brokerage,London - United Kingdom,Internship Conversion (LBS-facilitated)
Masters in Financial Analysis,2023,Infrastructure Private Equity Off-cycle Internship,Goldman Sachs,Finance - Investment Banking/Brokerage,London - United Kingdom,
Masters in Analytics and Management,2023,ESG Analyst,JP Morgan Chase,Finance - Investment Banking/Brokerage,Shanghai - China,Internship Conversion (student-facilitated)
Masters in Financial Analysis,2023,Distressed Debt and Special Situations Analyst,Bank of America,Finance - Investment Banking/Brokerage,London - United Kingdom,Networking (student-facilitated)
Masters in Management,2023,IB Intern,No Employer Name Specified,Finance - Investment Banking/Brokerage,London - United Kingdom,
Masters in Management,2023,M&A Analyst,Carlsquare,Finance - Investment Banking/Brokerage,London - United Kingdom,Internship Conversion (LBS-facilitated)
Masters in Financial Analysis,2023,Equities Sales & Trading Analyst,CICC,Finance - Investment Banking/Brokerage,Shanghai - China,Other (student-facilitated)
Masters in Financial Analysis,2023,Analyst,Harris Williams & Co.,Finance - Investment Banking/Brokerage,,Internship Conversion (student-facilitated)
Masters in Management,2023,Product Development Analyst,Deutsche Borse Group,Finance - Investment Banking/Brokerage,London - United Kingdom,Internship Conversion (student-facilitated)
Masters in Financial Analysis,2023,Equity Research Intern,mediobanca,Finance - Investment Banking/Brokerage,London - United Kingdom,
Masters in Financial Analysis,2023,Investment Banking Analyst,UBS,Finance - Investment Banking/Brokerage,London - United Kingdom,Internship Conversion (student-facilitated)
Masters in Management,2023,Analyst,Rothschild & Co.,Finance - Investment Banking/Brokerage,London (City of) - United Kingdom,Internship Conversion (student-facilitated)
Masters in Financial Analysis,2023,Global Investment Research Intern,Goldman Sachs,Finance - Investment Banking/Brokerage,London - United Kingdom,Networking (student-facilitated)
Masters in Financial Analysis,2023,Investment Banking Off-Cycle Analyst,BDA Partners,Finance - Investment Banking/Brokerage,London - United Kingdom,
Masters in Management,2023,Investment Banking Analyst,Goldman Sachs,Finance - Investment Banking/Brokerage,London - United Kingdom,Internship Conversion (student-facilitated)
Masters in Financial Analysis,2023,Investment Banking M&A Intern - TMT Team,"Bryan, Garnier & Co",Finance - Investment Banking/Brokerage,Paris - France,
Masters in Management,2023,Investment Banking Analyst,Bank of America,Finance - Investment Banking/Brokerage,Hong Kong - Hong Kong S.A.R.,LBS Job Board
Masters in Financial Analysis,2023,Investment Banking Intern,China Renaissance,Finance - Investment Banking/Brokerage,Shanghai - China,Alumni Referral
Masters in Management,2023,Analyst - Alternative Credit and Infrastructure Structuring,JP Morgan Chase,Finance - Investment Banking/Brokerage,London (City of) - United Kingdom,Other (student-facilitated)
Masters in Management,2023,Analyst,Barclays,Finance - Investment Banking/Brokerage,London (City of) - United Kingdom,Internship Conversion (student-facilitated)
Masters in Management,2024,Investment Banking Analyst,Goldman Sachs,Finance - Investment Banking/Brokerage,London - United Kingdom,Internship Conversion (student-facilitated)
Masters in Management,2024,Investment Banking Analyst,HSBC,Finance - Investment Banking/Brokerage,Hong Kong - Hong Kong S.A.R.,Other (student-facilitated)
Masters in Financial Analysis,2023,Investment Banking Analyst,Centerview Partners,Finance - Investment Banking/Brokerage,London - United Kingdom,Internship Conversion (LBS-facilitated)
Masters in Management,2024,Investment Banking Analyst,Morgan Stanley,Finance - Investment Banking/Brokerage,,Other (student-facilitated)
Masters in Management,2023,Investment Banking Analyst,JP Morgan Chase,Finance - Investment Banking/Brokerage,London - United Kingdom,Internship Conversion (student-facilitated)
Masters in Management,2024,Investment Banking Summer Analyst,HSBC,Finance - Investment Banking/Brokerage,Hong Kong - Hong Kong S.A.R.,On-Campus Recruiting
Masters in Management,2023,Investment Banking Analyst,Case Corporate Finance,Finance - Investment Banking/Brokerage,Paris - France,Other (student-facilitated)
Masters in Financial Analysis,2023,Analyst,Deutsche Bank,Finance - Investment Banking/Brokerage,London - United Kingdom,Other (student-facilitated)
Masters in Financial Analysis,2023,Global Markets Graduate Analyst,Wells Fargo,Finance - Investment Banking/Brokerage,London (City of) - United Kingdom,Other (student-facilitated)
Masters in Financial Analysis,2023,Analyst,Moelis & Company,Finance - Investment Banking/Brokerage,London - United Kingdom,Internship Conversion (student-facilitated)
Masters in Financial Analysis,2023,Investment Banking Intern,Goldman Sachs,Finance - Investment Banking/Brokerage,Frankfurt - Germany,
Masters in Financial Analysis,2023,Analyst / Associate,CICC,Finance - Investment Banking/Brokerage,Beijing - China,Other (student-facilitated)
Masters in Management,2023,Full-time Analyst,Goldman Sachs,Finance - Investment Banking/Brokerage,Hong Kong - Hong Kong S.A.R.,Other (student-facilitated)
Masters in Financial Analysis,2023,Analyst,UBS,Finance - Investment Banking/Brokerage,London - United Kingdom,Internship Conversion (student-facilitated)
Masters in Financial Analysis,2023,Investment Banking Analyst,CICC,Finance - Investment Banking/Brokerage,Beijing - China,On-Campus Recruiting
Masters in Management,2023,Investment Banking Analyst,CMB International,Finance - Investment Banking/Brokerage,Central Hong Kong - Hong Kong S.A.R.,Other (student-facilitated)
Masters in Management,2023,Intern Analyst,Huatai United Securities,Finance - Investment Banking/Brokerage,Shanghai - China Mainland,
Masters in Financial Analysis,2023,Investment Banking Off-Cycle Intern,Deutsche Bank,Finance - Investment Banking/Brokerage,London - United Kingdom,Other (student-facilitated)
Masters in Management,2024,Finance & Strategy Associate,BNP Paribas,Finance - Investment Banking/Brokerage,Paris - France,Other (student-facilitated)
Masters in Management,2024,IBD Analyst,HSBC,Finance - Investment Banking/Brokerage,Guangzhou - China Mainland,Other (student-facilitated)
Masters in Management,2024,Investment Banking Off-Cycle Analyst,BTIG Ltd,Finance - Investment Banking/Brokerage,London - United Kingdom,Networking (student-facilitated)
Masters in Financial Analysis,2024,Investment Banking Analyst,Moelis & Company,Finance - Investment Banking/Brokerage,London - United Kingdom,Networking (student-facilitated)
Masters in Financial Analysis,2024,Analyst,Morgan Stanley,Finance - Investment Banking/Brokerage,London - United Kingdom,Other (student-facilitated)
Masters in Financial Analysis,2024,Analyst - Equity Trading,Morgan Stanley,Finance - Investment Banking/Brokerage,London - United Kingdom,Internship Conversion (student-facilitated)
Masters in Financial Analysis,2024,Leverage Finance Analyst,Societe Generale,Finance - Investment Banking/Brokerage,Paris - France,Networking (student-facilitated)
Masters in Financial Analysis,2025,Treasury and Trade Solutions MA,Citi,Finance - Investment Banking/Brokerage,Shanghai - China Mainland,Internship Conversion (student-facilitated)
Masters in Financial Analysis,2024,Global Finance & Business Management Analyst,JPMorgan Chase & Co,Finance - Investment Banking/Brokerage,London - United Kingdom,Internship Conversion (student-facilitated)
Masters in Analytics and Management,2024,Analyst - Global Investment Research,Goldman Sachs,Finance - Investment Banking/Brokerage,Hong Kong - Hong Kong S.A.R.,Internship Conversion (student-facilitated)
Masters in Financial Analysis,2024,Investment Banking Analyst,Houlihan Lokey,Finance - Investment Banking/Brokerage,London - United Kingdom,Internship Conversion (student-facilitated)
Masters in Management,2025,Investment Banking Off Cycle Analyst,UBS,Finance - Investment Banking/Brokerage,London - United Kingdom,Other (student-facilitated)
Masters in Management,2024,Investment Banking Off-Cycle Analyst,Rothschild & Co.,Finance - Investment Banking/Brokerage,Milan - Italy,Other (student-facilitated)
Masters in Financial Analysis,2024,Graduate Talent Program,UBS,Finance - Investment Banking/Brokerage,London - United Kingdom,On-Campus Recruiting
Masters in Financial Analysis,2024,Investment Banking Analyst,Houlihan Lokey,Finance - Investment Banking/Brokerage,Munich - Germany,Networking (student-facilitated)
Masters in Financial Analysis,2024,IBD Analyst,JP Morgan Chase,Finance - Investment Banking/Brokerage,Hong Kong S.A.R. - Hong Kong S.A.R.,On-Campus Recruiting
Masters in Financial Analysis,2024,Investment Banking Intern,Lazard,Finance - Investment Banking/Brokerage,London (City of) - United Kingdom,Other (student-facilitated)
Masters in Management,2024,Credit Risk Analyst,Natixis,Finance - Investment Banking/Brokerage,Hong Kong - Hong Kong S.A.R.,Alumni Referral
Masters in Financial Analysis,2024,Graduate Trainee,Credit Agricole,Finance - Investment Banking/Brokerage,Taipei - Taiwan,Other (student-facilitated)
Masters in Financial Analysis,2024,Investment Banking Analyst,Citi,Finance - Investment Banking/Brokerage,London (City of) - United Kingdom,Other (student-facilitated)
Masters in Financial Analysis,2024,Investment Banking Analyst,UBS,Finance - Investment Banking/Brokerage,London - United Kingdom,Internship Conversion (LBS-facilitated)
Masters in Financial Analysis,2024,Investment Banking Analyst,Bank of America,Finance - Investment Banking/Brokerage,London - United Kingdom,Internship Conversion (student-facilitated)
Masters in Financial Analysis,2024,Global banking Graduate Analyst,HSBC,Finance - Investment Banking/Brokerage,Hong Kong - Hong Kong S.A.R.,Internship Conversion (student-facilitated)
Masters in Financial Analysis,2024,Investment Banking Analyst,Houlihan Lokey,Finance - Investment Banking/Brokerage,London - United Kingdom,Other (student-facilitated)
Masters in Financial Analysis,2024,Investment Banking Analyst,UBS,Finance - Investment Banking/Brokerage,London - United Kingdom,Internship Conversion (LBS-facilitated)
Masters in Financial Analysis,2024,Analyst - Investment Banking Group,UBS,Finance - Investment Banking/Brokerage,London - United Kingdom,Internship Conversion (student-facilitated)
Masters in Management,2024,Analyst,JP Morgan Chase,Finance - Investment Banking/Brokerage,London - United Kingdom,Other (student-facilitated)
Masters in Financial Analysis,2024,Analyst,KEB Hana Bank,Finance - Investment Banking/Brokerage,London - United Kingdom,Other (student-facilitated)
Masters in Financial Analysis,2024,Analyst - Investment Banking Group,Deutsche Bank,Finance - Investment Banking/Brokerage,London - United Kingdom,Internship Conversion (student-facilitated)
Masters in Financial Analysis,2024,Analyst,"Bryan, Garnier & Co",Finance - Investment Banking/Brokerage,London - United Kingdom,Other (student-facilitated)
Masters in Financial Analysis,2024,Global Markets FICC Analyst,Credit Agricole,Finance - Investment Banking/Brokerage,Shanghai - China,Other (student-facilitated)
Masters in Analytics and Management,2024,Analyst,Bank of America,Finance - Investment Banking/Brokerage,Hong Kong - Hong Kong S.A.R.,Other (student-facilitated)
Masters in Financial Analysis,2024,Investment Banking Analyst,Bank of America,Finance - Investment Banking/Brokerage,Kowloon - Hong Kong S.A.R.,Internship Conversion (LBS-facilitated)
Masters in Financial Analysis,2024,Equity Research Analyst,Redburn Atlantic,Finance - Investment Banking/Brokerage,London - United Kingdom,Internship Conversion (student-facilitated)
Masters in Financial Analysis,2024,Analyst,Deutsche Bank,Finance - Investment Banking/Brokerage,London - United Kingdom,Internship Conversion (student-facilitated)
Masters in Management,2024,,Morgan Stanley,Finance - Investment Banking/Brokerage,London - United Kingdom,On-Campus Recruiting
Masters in Management,2024,6-month Internship,Morgan Stanley,Finance - Investment Banking/Brokerage,London - United Kingdom,On-Campus Recruiting
Masters in Financial Analysis,2024,Investment Banking Analyst,Robert W. Baird & Co.,Finance - Investment Banking/Brokerage,London - United Kingdom,Internship Conversion (student-facilitated)
Masters in Financial Analysis,2024,IBD Analyst,Bank of America,Finance - Investment Banking/Brokerage,London - United Kingdom,Other (student-facilitated)
Masters in Financial Analysis,2024,Investment Banking Intern,Continuum Advisory Partners,Finance - Investment Banking/Brokerage,London - United Kingdom,
Masters in Financial Analysis,2024,Off-Cycle Investment Banking Intern (TMT),HSBC,Finance - Investment Banking/Brokerage,London - United Kingdom,Other (student-facilitated)
Masters in Financial Analysis,2024,Fixed term analyst,Rothschild & Co.,Finance - Investment Banking/Brokerage,London - United Kingdom,Other (student-facilitated)
Masters in Financial Analysis,2024,Investment Banking Analyst,Lazard,Finance - Investment Banking/Brokerage,London - United Kingdom,Other (student-facilitated)
Masters in Financial Analysis,2024,Investment Banking Off-Cycle Analyst,UBS,Finance - Investment Banking/Brokerage,London - United Kingdom,
Masters in Management,2024,Credit Risk Analyst,Morgan Stanley,Finance - Investment Banking/Brokerage,Budapest - Hungary,Other (student-facilitated)
Masters in Financial Analysis,2025,Investment Banking Analyst,Bank of America,Finance - Investment Banking/Brokerage,London - United Kingdom,Internship Conversion (student-facilitated)
Masters in Financial Analysis,2024,"Credit Risk - Counterparty Coverage and Trade Approval, Analyst",Morgan Stanley,Finance - Investment Banking/Brokerage,Hong Kong - Hong Kong S.A.R.,Internship Conversion (LBS-facilitated)
Masters in Financial Analysis,2024,"Investment Banking Analyst, Restructuring",Evercore,Finance - Investment Banking/Brokerage,London - United Kingdom,Networking (student-facilitated)
Masters in Financial Analysis,2024,Analyst,Centerview Partners,Finance - Investment Banking/Brokerage,London - United Kingdom,Other (student-facilitated)
Masters in Financial Analysis,2024,Investment Banking Full-Time Analyst,HSBC,Finance - Investment Banking/Brokerage,London - United Kingdom,Other (student-facilitated)
Masters in Financial Analysis,2024,Financial Restructuring Analyst Intern,Houlihan Lokey,Finance - Investment Banking/Brokerage,Paris - France,Other (student-facilitated)
Masters in Financial Analysis,2024,Equity Research Analyst,Redburn Atlantic,Finance - Investment Banking/Brokerage,London - United Kingdom,Internship Conversion (student-facilitated)
Masters in Financial Analysis,2024,Analyst,DC Advisory Partners,Finance - Investment Banking/Brokerage,London (City of) - United Kingdom,Networking (student-facilitated)
Masters in Financial Analysis,2024,Corporate Banking Analyst,Bank of America,Finance - Investment Banking/Brokerage,London - United Kingdom,Internship Conversion (student-facilitated)
Masters in Financial Analysis,2025,Analyst,Deutsche Bank,Finance - Investment Banking/Brokerage,London - United Kingdom,Internship Conversion (student-facilitated)
Masters in Financial Analysis,2024,Analyst,PJT Partners,Finance - Investment Banking/Brokerage,London - United Kingdom,On-Campus Recruiting
Masters in Financial Analysis,2024,M&A Analyst,Winsoul Capital,Finance - Investment Banking/Brokerage,Shanghai - China,Other (student-facilitated)
Masters in Management,2025,Equities Sales & Trading Analyst,Huatai Securities Co.,Finance - Investment Banking/Brokerage,,Internship Conversion (student-facilitated)
Masters in Financial Analysis,2024,Investment Banking Analyst,BMO,Finance - Investment Banking/Brokerage,London - United Kingdom,Internship Conversion (student-facilitated)
Masters in Financial Analysis,2024,Investment Banking Analyst,JP Morgan Chase,Finance - Investment Banking/Brokerage,London - United Kingdom,Internship Conversion (student-facilitated)
Masters in Management,2024,Investment Banking Off-Cycle Intern,JPMorgan Chase & Co,Finance - Investment Banking/Brokerage,Frankfurt Am Main - Germany,
Masters in Management,2024,Investment Banking Analyst,Citi,Finance - Investment Banking/Brokerage,London - United Kingdom,Internship Conversion (student-facilitated)
Masters in Management,2024,Investment Banking Analyst,Bank of America,Finance - Investment Banking/Brokerage,Central Hong Kong - Hong Kong S.A.R.,Internship Conversion (LBS-facilitated)
Masters in Financial Analysis,2024,Direct Trader,DV Trading,Finance - Investment Banking/Brokerage,London - United Kingdom,Internship Conversion (student-facilitated)
Masters in Management,2025,Investment Banking Analyst,Goldman Sachs,Finance - Investment Banking/Brokerage,Beijing - China,Internship Conversion (student-facilitated)
Masters in Financial Analysis,2024,Investment Banking Analyst,UBS,Finance - Investment Banking/Brokerage,London (City of) - United Kingdom,Internship Conversion (LBS-facilitated)
Masters in Management,2024,Analyst,Deutsche Bank,Finance - Investment Banking/Brokerage,London - United Kingdom,Other (student-facilitated)
Masters in Management,2024,Analyst Trainee,Credit Agricole,Finance - Investment Banking/Brokerage,Hong Kong - Hong Kong S.A.R.,Other (student-facilitated)
Masters in Financial Analysis,2024,Global Capital Markets Off-Cycle Intern,Morgan Stanley,Finance - Investment Banking/Brokerage,London - United Kingdom,Internship Conversion (student-facilitated)
Masters in Financial Analysis,2024,Investment Banking Off-Cycle Analyst,Deutsche Bank,Finance - Investment Banking/Brokerage,London - United Kingdom,
Masters in Management,2024,IBD Analyst,"ZHONGTAI SECURITIES CO., LTD",Finance - Investment Banking/Brokerage,Shenzhen - China,Other (student-facilitated)
Masters in Financial Analysis,2024,"Analyst, Financial Restructuring",Houlihan Lokey,Finance - Investment Banking/Brokerage,London - United Kingdom,Other (student-facilitated)
Masters in Management,2024,Comliance,BNP Paribas,Finance - Investment Banking/Brokerage,London - United Kingdom,Other (student-facilitated)
Masters in Financial Analysis,2024,Analyst,Deutsche Bank,Finance - Investment Banking/Brokerage,Kowloon - Hong Kong S.A.R.,Other (student-facilitated)
Masters in Financial Analysis,2024,Global Management Trainee,UBS,Finance - Investment Banking/Brokerage,Beijing - China,Internship Conversion (student-facilitated)
Masters in Financial Analysis,2024,Global Capital Markets Analyst,Morgan Stanley,Finance - Investment Banking/Brokerage,Kowloon - Hong Kong S.A.R.,Internship Conversion (student-facilitated)
Masters in Financial Analysis,2024,Global Markets Analyst,Citi,Finance - Investment Banking/Brokerage,Hong Kong - Hong Kong S.A.R.,Networking (student-facilitated)
Masters in Financial Analysis,2024,Global Markets Analyst Intern,Credit Agricole,Finance - Investment Banking/Brokerage,London (City of) - United Kingdom,Other (student-facilitated)
Masters in Financial Analysis,2024,Global Markets Analyst Intern,Goldman Sachs,Finance - Investment Banking/Brokerage,London (City of) - United Kingdom,Other (student-facilitated)
Masters in Financial Analysis,2024,Investment Banking Analyst,Morgan Stanley,Finance - Investment Banking/Brokerage,Hong Kong - Hong Kong S.A.R.,Internship Conversion (student-facilitated)
Masters in Management,2024,Corporate Banking Analyst,Citi,Finance - Investment Banking/Brokerage,Shanghai - China,On-Campus Recruiting
Masters in Analytics and Management,2025,Investment Banking Off Cycle Analyst,Morgan Stanley,Finance - Investment Banking/Brokerage,London - United Kingdom,Other (student-facilitated)
Masters in Financial Analysis,2025,IB Analyst,Bank of America,Finance - Investment Banking/Brokerage,London - United Kingdom,On-Campus Recruiting
Masters in Management,2025,Fixed term analyst,Rothschild & Co.,Finance - Investment Banking/Brokerage,London (City of) - United Kingdom,LBS Job Board
Masters in Financial Analysis,2025,Investment Banking Analyst,Bank of America,Finance - Investment Banking/Brokerage,London - United Kingdom,Internship Conversion (student-facilitated)
Masters in Financial Analysis,2025,Equity Research Off-Cycle Analyst,Goldman Sachs,Finance - Investment Banking/Brokerage,London (City of) - United Kingdom,Networking (student-facilitated)
Masters in Financial Analysis,2025,Investment Banking Analyst,Longspur Capital,Finance - Investment Banking/Brokerage,London - United Kingdom,Internship Conversion (student-facilitated)
Masters in Management,2025,Global Corporate Banking FIG Full Time Analyst,JP Morgan Chase,Finance - Investment Banking/Brokerage,London - United Kingdom,Other (student-facilitated)
Masters in Management,2025,Off Cycle Analyst,Aream & Co,Finance - Investment Banking/Brokerage,,
Masters in Financial Analysis,2025,Investment Banking Analyst Intern,Rothschild & Co.,Finance - Investment Banking/Brokerage,London - United Kingdom,Other (student-facilitated)
Masters in Management,2025,FICC Sales,Bank of America,Finance - Investment Banking/Brokerage,Taipei - Taiwan,Other (student-facilitated)
Masters in Financial Analysis,2025,Investment Banking Analyst,Deutsche Bank,Finance - Investment Banking/Brokerage,London - United Kingdom,LBS Job Board
Masters in Financial Analysis,2025,Investment Banking Analyst,Morgan Stanley,Finance - Investment Banking/Brokerage,London - United Kingdom,Networking (LBS-facilitated)
Masters in Management,2025,Investment Banking Summer Analyst,Jefferies,Finance - Investment Banking/Brokerage,London - United Kingdom,Networking (student-facilitated)
Masters in Financial Analysis,2025,Analyst,Bank of America,Finance - Investment Banking/Brokerage,London - United Kingdom,Internship Conversion (student-facilitated)
Masters in Financial Analysis,2025,Investment Bank Graduate Analyst,Berenberg,Finance - Investment Banking/Brokerage,London - United Kingdom,Student Club / Club Event
Masters in Management,2025,Investment Banking Off Cycle Analyst,Rothschild & Co.,Finance - Investment Banking/Brokerage,Dubai - United Arab Emirates,Networking (student-facilitated)
Masters in Financial Analysis,2025,Investment Banking Intern,Macquarie,Finance - Investment Banking/Brokerage,Frankfurt Am Main - Germany,
Masters in Financial Analysis,2025,Investment Banking Intern,Houlihan Lokey,Finance - Investment Banking/Brokerage,Zurich - Switzerland,
Masters in Financial Analysis,2025,Analyst Intern,Marlborough Partners,Finance - Investment Banking/Brokerage,London - United Kingdom,
Masters in Management,2025,Investment Banking Off-Cycle Analyst - Communications & Digital Infrastructure,Evercore,Finance - Investment Banking/Brokerage,London - United Kingdom,Other (student-facilitated)
Masters in Management,2025,Analyst,Deutsche Bank,Finance - Investment Banking/Brokerage,Hong Kong - Hong Kong S.A.R.,Other (student-facilitated)
Masters in Management,2025,M&A Analyst Intern,Blueprint Partners,Finance - Investment Banking/Brokerage,Paris - France,Other (student-facilitated)
Masters in Financial Analysis,2025,Investment Banking Analyst,Perella Weinberg Partners,Finance - Investment Banking/Brokerage,London - United Kingdom,Internship Conversion (student-facilitated)
Masters in Management,2025,Global Markets Graduate,BNP Paribas,Finance - Investment Banking/Brokerage,London - United Kingdom,Networking (student-facilitated)
Masters in Management,2025,Investment Banking Off cycle intern,Morgan Stanley,Finance - Investment Banking/Brokerage,London - United Kingdom,Networking (student-facilitated)
Masters in Financial Analysis,2025,Senior Analyst,Astris Finance,Finance - Investment Banking/Brokerage,Ho Chi Minh City - Vietnam,Other (student-facilitated)
Masters in Financial Analysis,2025,Senior Analyst,Astris Finance,Finance - Investment Banking/Brokerage,Ho Chi Minh City - Vietnam,Other (student-facilitated)
Masters in Financial Analysis,2025,Investment Banking Analyst,Bank of America,Finance - Investment Banking/Brokerage,London - United Kingdom,Internship Conversion (student-facilitated)
Masters in Financial Analysis,2025,DCM Intern,Societe Generale,Finance - Investment Banking/Brokerage,London - United Kingdom,
Masters in Financial Analysis,2025,Analyst Distressed & Special Sits,BNP Paribas,Finance - Investment Banking/Brokerage,,
Masters in Financial Analysis,2025,Off Cycle Analyst,Arma Partners,Finance - Investment Banking/Brokerage,London - United Kingdom,Alumni Referral
Masters in Financial Analysis,2025,Analyst,Centerview Partners,Finance - Investment Banking/Brokerage,London - United Kingdom,Other (student-facilitated)
Masters in Management,2025,Global Investment Research Analyst,Goldman Sachs,Finance - Investment Banking/Brokerage,Hong Kong - Hong Kong S.A.R.,Other (student-facilitated)
Masters in Financial Analysis,2025,Analyst,Kroll,Finance - Investment Banking/Brokerage,London - United Kingdom,Networking (student-facilitated)
Masters in Financial Analysis,2025,Investment Banking Analyst,Bank of America,Finance - Investment Banking/Brokerage,London - United Kingdom,Internship Conversion (student-facilitated)
Masters in Financial Analysis,2025,Investment Banking Analyst,Citi,Finance - Investment Banking/Brokerage,London - United Kingdom,Internship Conversion (student-facilitated)
Masters in Financial Analysis,2025,Analyst,Moelis & Company,Finance - Investment Banking/Brokerage,London - United Kingdom,Internship Conversion (student-facilitated)
Masters in Financial Analysis,2025,Intern,Rothschild & Co.,Finance - Investment Banking/Brokerage,London - United Kingdom,
Masters in Financial Analysis,2025,Trainee,Societe Generale,Finance - Investment Banking/Brokerage,London - United Kingdom,Other (student-facilitated)
Masters in Management,2025,Credit Transaction Management Analyst,RBC,Finance - Investment Banking/Brokerage,London - United Kingdom,Internship Conversion (student-facilitated)
Masters in Financial Analysis,2025,Investment Banking Analyst,Augusta & Co,Finance - Investment Banking/Brokerage,London - United Kingdom,On-Campus Recruiting
Masters in Financial Analysis,2025,Credit Trader,Bank of America,Finance - Investment Banking/Brokerage,London - United Kingdom,Internship Conversion (student-facilitated)
Masters in Financial Analysis,2025,Investment Banking Analyst,Nomura,Finance - Investment Banking/Brokerage,London - United Kingdom,Internship Conversion (student-facilitated)
Masters in Financial Analysis,2025,Investment Banking Analyst,Goldman Sachs,Finance - Investment Banking/Brokerage,London - United Kingdom,Internship Conversion (student-facilitated)
Masters in Financial Analysis,2025,Investment Banking Off-Cycle Analyst,Morgan Stanley,Finance - Investment Banking/Brokerage,London - United Kingdom,Other (student-facilitated)
Masters in Financial Analysis,2025,Equities Sales & Trading Analyst,Jefferies,Finance - Investment Banking/Brokerage,London - United Kingdom,Internship Conversion (student-facilitated)
Masters in Financial Analysis,2025,Investment Banking Analyst,UBS,Finance - Investment Banking/Brokerage,London - United Kingdom,Other (student-facilitated)
Masters in Analytics and Management,2025,Commercial Banking Management Trainee,Citi,Finance - Investment Banking/Brokerage,Shenzhen - China Mainland,Other (student-facilitated)
Masters in Analytics and Management,2025,Investment Banking Analyst,CICC,Finance - Investment Banking/Brokerage,Beijing - China,Other (student-facilitated)
Masters in Analytics and Management,2025,Investment Banking Analyst,CICC,Finance - Investment Banking/Brokerage,Beijing - China,
Masters in Financial Analysis,2025,Investment Banking M&A Analyst,Kroll,Finance - Investment Banking/Brokerage,London - United Kingdom,Internship Conversion (student-facilitated)
Masters in Financial Analysis,2025,Investment Banking Off-Cycle Analyst,Lincoln International,Finance - Investment Banking/Brokerage,London - United Kingdom,Networking (student-facilitated)
Masters in Financial Analysis,2025,"Analyst, Financial Restructuring",Houlihan Lokey,Finance - Investment Banking/Brokerage,London - United Kingdom,Internship Conversion (LBS-facilitated)
Masters in Financial Analysis,2025,EM Rates Trading Analyst,Goldman Sachs,Finance - Investment Banking/Brokerage,London - England - United Kingdom,Other (student-facilitated)
Masters in Financial Analysis,2025,IBD Analyst,CICC,Finance - Investment Banking/Brokerage,Beijing - China,Other (student-facilitated)
Masters in Financial Analysis,2025,Investment Banking Analyst,JP Morgan Chase,Finance - Investment Banking/Brokerage,London - United Kingdom,Internship Conversion (LBS-facilitated)
Masters in Financial Analysis,2025,2025 Investment Banking Off-Cycle intern - CEE Coverage,JP Morgan Chase,Finance - Investment Banking/Brokerage,Frankfurt Am Main - Germany,Networking (student-facilitated)
Masters in Management,2025,IBD Analyst,Trigon Investment Banking,Finance - Investment Banking/Brokerage,Warsaw - Poland,Other (student-facilitated)
Masters in Financial Analysis,2025,Investment Banking Analyst,CICC,Finance - Investment Banking/Brokerage,London - United Kingdom,Other (student-facilitated)
Masters in Financial Analysis,2025,Leveraged Finance Analyst,NatWest,Finance - Investment Banking/Brokerage,London (City of) - United Kingdom,Internship Conversion (student-facilitated)
Masters in Management,2025,Trainee,Societe Generale,Finance - Investment Banking/Brokerage,London - United Kingdom,
Masters in Financial Analysis,2025,Analyst Intern,Verdier & Co,Finance - Investment Banking/Brokerage,London - United Kingdom,Networking (student-facilitated)
Masters in Management,2025,Investment Banking M&A Intern,Financial Technology Partners,Finance - Investment Banking/Brokerage,London - United Kingdom,Other (student-facilitated)
Masters in Analytics and Management,2025,Centralised Research Group Full Time Analyst,JP Morgan Chase,Finance - Investment Banking/Brokerage,Shanghai - China,Alumni Referral
Masters in Financial Analysis,2025,Graduate Programme,Santander CIB,Finance - Investment Banking/Brokerage,London - United Kingdom,Other (student-facilitated)
Masters in Management,2026,Private Banking Analyst,Citi,Finance - Investment Banking/Brokerage,Hong Kong - Hong Kong S.A.R.,Other (student-facilitated)
Masters in Analytics and Management,2025,Fintech Product Manager,Huatai Securities Co.,Finance - Investment Banking/Brokerage,Shenzhen - China,Other (student-facilitated)
Masters in Analytics and Management,2025,Investment Banking Analyst,Citi,Finance - Investment Banking/Brokerage,Hong Kong - Hong Kong S.A.R.,Internship Conversion (student-facilitated)
Masters in Financial Analysis,2023,Analyst - Private Equity / Investment Banking,BlackRock,Finance - Investment Management,London - United Kingdom,Internship Conversion (student-facilitated)
Masters in Financial Analysis,2023,Investment analyst intern,Groupe Bruxelles Lambert,Finance - Investment Management,Brussels - Belgium,Networking (LBS-facilitated)
Masters in Financial Analysis,2023,Junior Investment Analyst,Asset Value Investors,Finance - Investment Management,London - United Kingdom,Other (student-facilitated)
Masters in Financial Analysis,2023,Alternative Investment Analyst,Fidelity Investments,Finance - Investment Management,Toronto - ON - Canada,Networking (student-facilitated)
Masters in Management,2023,Graduate Management Associate,Cathay Financial Holdings,Finance - Investment Management,,Other (student-facilitated)
Masters in Financial Analysis,2023,Credit Research Intern,Harvest Fund Management,Finance - Investment Management,Beijing - China,
Masters in Financial Analysis,2023,Analyst,Nevastar Finance,Finance - Investment Management,London - United Kingdom,LBS Job Board
Masters in Financial Analysis,2023,Private Credit Analyst,PSP Investments,Finance - Investment Management,London - United Kingdom,Other (student-facilitated)
Masters in Management,2023,Equity Research Associate,Fidelity International,Finance - Investment Management,Shanghai - China,Internship Conversion (student-facilitated)
Masters in Management,2023,Multi Asset Graduate,Fidelity International,Finance - Investment Management,London - United Kingdom,Internship Conversion (student-facilitated)
Masters in Management,2023,Multi-Asset Graduate Analyst,Fidelity International,Finance - Investment Management,London - United Kingdom,Internship Conversion (LBS-facilitated)
Masters in Financial Analysis,2024,Executive Director,Senim Holding,Finance - Investment Management,Almaty - Kazakhstan,Networking (student-facilitated)
Masters in Management,2024,Analyst Intern,Alantra,Finance - Investment Management,Milan - Italy,Networking (LBS-facilitated)
Masters in Financial Analysis,2024,Investment Analyst Intern,Groupe Bruxelles Lambert,Finance - Investment Management,Brussels - Belgium,
Masters in Management,2025,Investment Analyst,DWS Group,Finance - Investment Management,London - United Kingdom,On-Campus Recruiting
Masters in Management,2025,Fund Management Analyst,Government Pension Investment Fund (GPIF),Finance - Investment Management,Tokyo - Japan,Other (student-facilitated)
Masters in Management,2024,Founders Associate,Spheres,Finance - Investment Management,London - United Kingdom,Other (LBS-facilitated)
Masters in Management,2024,"Analyst, Private Equity Intern",Edmond De Rothschild,Finance - Investment Management,Luxembourg City - Luxembourg,
Masters in Financial Analysis,2024,Analyst,BlackRock,Finance - Investment Management,London - United Kingdom,Internship Conversion (student-facilitated)
Masters in Financial Analysis,2024,Investment Analyst,Ares Management,Finance - Investment Management,London - United Kingdom,Internship Conversion (student-facilitated)
Masters in Financial Analysis,2024,Equity Analyst,Aka Capital Holdings,Finance - Investment Management,Johannesburg - South Africa,Alumni Referral
Masters in Financial Analysis,2024,Analyst,Goldman Sachs Asset Management,Finance - Investment Management,London - England - United Kingdom,Other (student-facilitated)
Masters in Financial Analysis,2025,CRE Credit Analyst,Apollo Global Management LLC,Finance - Investment Management,London - United Kingdom,Internship Conversion (student-facilitated)
Masters in Management,2025,Art Finance & Investments Analyst,The Fine Art Group,Finance - Investment Management,London - United Kingdom,Networking (student-facilitated)
Masters in Management,2025,Off Cycle Analyst,Allianz Global Investors AG,Finance - Investment Management,Munich - Germany,Networking (student-facilitated)
Masters in Management,2025,Associate,Actia Partners,Finance - Investment Management,London - England - United Kingdom,Student Club / Club Event
Masters in Management,2025,Channel Analyst,PIMCO,Finance - Investment Management,London - United Kingdom,Alumni Referral
Masters in Management,2025,Investor Relations Intern,Clear Lake Capital,Finance - Investment Management,London - United Kingdom,
Masters in Management,2025,Account Analyst,PIMCO,Finance - Investment Management,London - United Kingdom,Other (student-facilitated)
Masters in Management,2025,Investment Associate,Kiatnakin Phatra Securities,Finance - Investment Management,Bangkok - Thailand,Internship Conversion (student-facilitated)
Masters in Financial Analysis,2025,Fixed Income Analyst,Fidelity International,Finance - Investment Management,London - United Kingdom,Other (student-facilitated)
Masters in Financial Analysis,2025,Analyst,Prospect Advisors,Finance - Investment Management,London - United Kingdom,Internship Conversion (student-facilitated)
Masters in Management,2023,Asset Management Off-Cycle Analyst,Nuveen Investments,Finance - Private Equity,London - United Kingdom,LBS Job Board
Masters in Management,2023,M&A Analyst,Irbis Capital Ltd.,Finance - Private Equity,London - United Kingdom,Internship Conversion (student-facilitated)
Masters in Financial Analysis,2023,Private Equity Intern,Ardian,Finance - Private Equity,London - United Kingdom,Other (student-facilitated)
Masters in Management,2023,Investment Analyst,Eurazeo,Finance - Private Equity,Paris - France,
Masters in Financial Analysis,2023,Private Equity Fixed Term Analyst,Rothschild & Co.,Finance - Private Equity,London - United Kingdom,On-Campus Recruiting
Masters in Financial Analysis,2023,Private Equity Intern,AURELIUS GROUP,Finance - Private Equity,London - United Kingdom,
Masters in Management,2023,Private Equity Analyst,Flex Capital,Finance - Private Equity,Berlin - Germany,Networking (student-facilitated)
Masters in Financial Analysis,2023,Private Equity Off-Cycle Analyst,Fremman Capital,Finance - Private Equity,London - United Kingdom,Other (student-facilitated)
Masters in Financial Analysis,2023,"Analyst, Private Equity Intern",IK Partners,Finance - Private Equity,Hamburg - Germany,Other (student-facilitated)
Masters in Financial Analysis,2023,"Analyst, Private Equity Intern",Ardian,Finance - Private Equity,Frankfurt Am Main - Germany,Other (student-facilitated)
Masters in Financial Analysis,2023,Fixed Term Analyst - Five Arrows Principal Investments,Rothschild & Co.,Finance - Private Equity,London - United Kingdom,LBS Job Board
Masters in Financial Analysis,2023,Analyst,TPG Capital,Finance - Private Equity,Marina Bay - Singapore,Other (student-facilitated)
Masters in Financial Analysis,2023,Analyst,Infrared Capital Partners,Finance - Private Equity,London - United Kingdom,Internship Conversion (LBS-facilitated)
Masters in Analytics and Management,2023,Analyst,Blackstone,Finance - Private Equity,London - United Kingdom,Student Club / Club Event
Masters in Financial Analysis,2023,Analyst,Partners Group,Finance - Private Equity,Baar - Switzerland,Networking (student-facilitated)
Masters in Financial Analysis,2023,"Analyst, Private Equity Intern",Astorg,Finance - Private Equity,London - United Kingdom,Other (student-facilitated)
Masters in Analytics and Management,2023,Data Scientist Intern,Ardian,Finance - Private Equity,Paris - France,Other (student-facilitated)
Masters in Financial Analysis,2023,Investment Analyst,Circularity Capital,Finance - Private Equity,Edinburgh - United Kingdom,Networking (student-facilitated)
Masters in Management,2023,Private Credit Intern,Partners Group,Finance - Private Equity,London - United Kingdom,
Masters in Management,2024,Analyst,Blackstone,Finance - Private Equity,London - United Kingdom,Internship Conversion (student-facilitated)
Masters in Management,2024,Investment Analyst,CDH investment,Finance - Private Equity,,Other (student-facilitated)
Masters in Financial Analysis,2024,"Analyst, Private Equity Intern",Advent International,Finance - Private Equity,Luxembourg City - Luxembourg,
Masters in Financial Analysis,2024,Investment Analyst (Offcycle Intern),ARMEN,Finance - Private Equity,London - United Kingdom,LBS Job Board
Masters in Financial Analysis,2024,6-month Internship,Platinum Equity,Finance - Private Equity,London - United Kingdom,Networking (student-facilitated)
Masters in Financial Analysis,2024,Analyst - Blackstone Credit,Blackstone,Finance - Private Equity,London - United Kingdom,Internship Conversion (student-facilitated)
Masters in Management,2024,Private Equity Analyst,Draycott SCR,Finance - Private Equity,Lisbon - Portugal,CV Book
Masters in Financial Analysis,2024,Growth and Private Equity Analyst Intern,Olympus Capital Asia,Finance - Private Equity,Singapore - Singapore,
Masters in Financial Analysis,2024,Secondaries Investment Team Analyst,Ares Management,Finance - Private Equity,London - United Kingdom,Networking (LBS-facilitated)
Masters in Management,2025,Infrastructure & Renewable Energy Investment Intern,Alberta Investment Management Co,Finance - Private Equity,London - United Kingdom,Other (LBS-facilitated)
Masters in Management,2024,Intern,Trilantic Europe,Finance - Private Equity,London - United Kingdom,
Masters in Financial Analysis,2024,Investment Analyst,sunjade,Finance - Private Equity,Shanghai - China,Networking (student-facilitated)
Masters in Financial Analysis,2024,Fixed Term Analyst - Five Arrows Principal Investments,Rothschild & Co.,Finance - Private Equity,London - United Kingdom,
Masters in Financial Analysis,2024,Investment Analyst,Rothschild & Co.,Finance - Private Equity,London - United Kingdom,Internship Conversion (LBS-facilitated)
Masters in Management,2024,Analyst,EPIC Investment Partners,Finance - Private Equity,London - United Kingdom,
Masters in Financial Analysis,2024,Analyst,ADV Partners,Finance - Private Equity,Shanghai - China,Internship Conversion (student-facilitated)
Masters in Financial Analysis,2024,Intern,TVM Capital Healthcare,Finance - Private Equity,Dubai - United Arab Emirates,Networking (student-facilitated)
Masters in Financial Analysis,2024,Investment Analyst,NORD Holding,Finance - Private Equity,Hannover - Germany,Networking (student-facilitated)
Masters in Financial Analysis,2024,Growth Equity Intern,Cadence Growth Capital,Finance - Private Equity,London - United Kingdom,Other (student-facilitated)
Masters in Financial Analysis,2024,Private Equity Off-Cycle,EQT Partners,Finance - Private Equity,Paris - France,
Masters in Analytics and Management,2024,Analyst,Fairview Capital Group,Finance - Private Equity,London - United Kingdom,Alumni Referral
Masters in Analytics and Management,2024,Associate Private Equity Off Cycle Intern,Trilantic Europe,Finance - Private Equity,Madrid - Spain,Other (student-facilitated)
Masters in Financial Analysis,2024,Private Equity Analyst Intern,Skill Capital,Finance - Private Equity,London - United Kingdom,
Masters in Financial Analysis,2024,Private Equity Off-cycle Internship,PSP Investments,Finance - Private Equity,London - United Kingdom,LBS Job Board
Masters in Financial Analysis,2024,Private Equity Off-Cycle Analyst,Pictet Alternative Advisors,Finance - Private Equity,Geneva - Switzerland,Other (student-facilitated)
Masters in Financial Analysis,2025,6-month Internship,Summa Equity,Finance - Private Equity,Munich - Germany,
Masters in Management,2024,Private Equity Off-Cycle Analyst,PAI Partners,Finance - Private Equity,London - United Kingdom,
Masters in Financial Analysis,2024,Analyst,Apax Digital,Finance - Private Equity,London - United Kingdom,Other (student-facilitated)
Masters in Financial Analysis,2024,Private Equity Secondaries Analyst,Fairview Capital Group,Finance - Private Equity,London - United Kingdom,Other (student-facilitated)
Masters in Financial Analysis,2024,Investment Analyst Intern,Strada Partners,Finance - Private Equity,Antwerp (anvers) - Belgium,Other (student-facilitated)
Masters in Analytics and Management,2025,Investment Intern,Sofina,Finance - Private Equity,Brussels - Belgium,Other (student-facilitated)
Masters in Financial Analysis,2025,Investment Associate,BI Capital Corporation,Finance - Private Equity,Guatemala City - Guatemala,Other (student-facilitated)
Masters in Management,2025,M&A Intern,Inspired Education,Finance - Private Equity,London - United Kingdom,
Masters in Financial Analysis,2025,Analyst Intern - Jan 2026,Battery Ventures,Finance - Private Equity,London (City of) - United Kingdom,LBS Job Board
Masters in Management,2025,Analyst,CVC DIF,Finance - Private Equity,London - United Kingdom,Networking (LBS-facilitated)
Masters in Management,2025,Intern,Rothschild & Co. Five Arrows,Finance - Private Equity,London - United Kingdom,Student Club / Club Event
Masters in Management,2025,Analyst,ewpartners,Finance - Private Equity,Riyadh - Saudi Arabia,Other (student-facilitated)
Masters in Management,2025,Analyst Intern - Jan 2026,Battery Ventures,Finance - Private Equity,London - United Kingdom,LBS Job Board
Masters in Management,2025,Private Equity Off-Cycle Analyst,Battery Ventures,Finance - Private Equity,London - United Kingdom,LBS Job Board
Masters in Financial Analysis,2025,Investment Analyst,General Atlantic,Finance - Private Equity,London - United Kingdom,Internship Conversion (student-facilitated)
Masters in Financial Analysis,2025,Investment Intern,Tower Peak Partners LLP,Finance - Private Equity,London - United Kingdom,Networking (student-facilitated)
Masters in Management,2025,Off cycle PE intern,PSP Investments,Finance - Private Equity,Hong Kong - Hong Kong S.A.R.,Other (student-facilitated)
Masters in Management,2025,Investor Relations - Graduate Intern,Clearlake Credit,Finance - Private Equity,London (City of) - United Kingdom,Other (student-facilitated)
Masters in Financial Analysis,2025,Investment Intern,GBL,Finance - Private Equity,Brussels - Belgium,Alumni Referral
Masters in Financial Analysis,2025,Investment Analyst,CMC Capital Partners,Finance - Private Equity,Shanghai - China,Internship Conversion (LBS-facilitated)
Masters in Financial Analysis,2025,Private Equity Analyst,Cypress Capital HK,Finance - Private Equity,,Other (student-facilitated)
Masters in Financial Analysis,2025,Growth and Private Equity Analyst,Altea partners,Finance - Private Equity,London - United Kingdom,Internship Conversion (student-facilitated)
Masters in Analytics and Management,2025,Private Equity Off-Cycle Analyst,PAI Partners,Finance - Private Equity,London - United Kingdom,Alumni Referral
Masters in Management,2025,Investor Relations,Ares Management,Finance - Private Equity,London - United Kingdom,Other (student-facilitated)
Masters in Financial Analysis,2025,Private Equity Analyst Intern,Ardian,Finance - Private Equity,Frankfurt Am Main - Germany,
Masters in Financial Analysis,2025,Private Equiyt Intern,Keensight Capital,Finance - Private Equity,London - United Kingdom,Alumni Referral
Masters in Financial Analysis,2025,Private Equity Intern,TowerBrook,Finance - Private Equity,London - United Kingdom,CV Book
Masters in Management,2025,Analyst,Equitix Ltd,Finance - Private Equity,London - United Kingdom,Networking (student-facilitated)
Masters in Financial Analysis,2025,Private Equity Off-Cycle Analyst,Clayton Dubilier & Rice,Finance - Private Equity,London - United Kingdom,
Masters in Management,2025,Investor Relations Intern,Eurazeo,Finance - Private Equity,London - United Kingdom,
Masters in Management,2024,Client Relationship Officer,Pictet & Cie,Finance - Private Wealth Management,Geneva - Switzerland,Networking (student-facilitated)
Masters in Financial Analysis,2024,Analyst,JP Morgan Chase & Co (PWM),Finance - Private Wealth Management,Hong Kong - Hong Kong S.A.R.,Internship Conversion (student-facilitated)
Masters in Financial Analysis,2025,Portfolio Analyst,Ebco Trustee Services Ltd Liab. Co.,Finance - Private Wealth Management,Chiasso - Switzerland - Switzerland,Pre-MBA Employer
Masters in Financial Analysis,2025,Private Markets Associate,Stonehage Fleming,Finance - Private Wealth Management,London - United Kingdom,LBS Job Board
Masters in Analytics and Management,2023,Payments Analyst,Barclays,Finance - Retail Banking,London - United Kingdom,Other (student-facilitated)
Masters in Analytics and Management,2024,Associate Management Trainee,RAKBANK,Finance - Retail Banking,Dubai - United Arab Emirates,LBS Job Board
Masters in Analytics and Management,2024,Management Associate,RAKBANK,Finance - Retail Banking,Dubai - United Arab Emirates,LBS Job Board
Masters in Management,2025,Management Associate,CTBC Bank,Finance - Retail Banking,Taipei - Taiwan,Other (student-facilitated)
Masters in Financial Analysis,2025,Investment Analyst,Barclays,Finance - Retail Banking,London - United Kingdom,Internship Conversion (student-facilitated)
Masters in Management,2025,Management Associate,RAKBANK,Finance - Retail Banking,Dubai - United Arab Emirates,LBS Job Board
Masters in Management,2023,Product Development Intern,Clearstream Deutsche Börse,Finance - Services & Products,London - United Kingdom,Alumni Referral
Masters in Management,2024,Commercial Graduate Scheme,S&P Global,Finance - Services & Products,Shanghai - China,Other (student-facilitated)
Masters in Management,2025,Loan Completions Analyst,GB Bank,Finance - Services & Products,London - United Kingdom,Other (student-facilitated)
Masters in Management,2025,Strategic Projects Intern,Erste Group Bank AG,Finance - Services & Products,Vienna - Austria,
Masters in Financial Analysis,2025,Data Analyst,Bloomberg,Finance - Services & Products,London - United Kingdom,
Masters in Management,2025,Healthcare Research Associate - Credit and Equities,Third Bridge Group Limited,Finance - Services & Products,London - United Kingdom,Networking (student-facilitated)
Masters in Management,2025,Project Management and Finance Analyst,Diligenta,Finance - Services & Products,Peterborough - United Kingdom,Networking (student-facilitated)
Masters in Management,2023,Professional Sales Representative,Johnson & Johnson,Healthcare - MedTech/Devices and products,Kaohsiung City - Taiwan,Other (student-facilitated)
Masters in Management,2024,Strategy and Business Development Analyst,Heidi Health,Healthcare - MedTech/Devices and products,London - United Kingdom,Other (student-facilitated)
Masters in Analytics and Management,2024,Business Graduate,3Shape,Healthcare - MedTech/Devices and products,Copenhagen - Denmark,Networking (LBS-facilitated)
Masters in Management,2023,Director,Virchow,Healthcare - Pharma/Biotech,Hyderabad - India,Other (student-facilitated)
Masters in Management,2024,Associate Consultant,The PSC,Healthcare - Pharma/Biotech,London - England - United Kingdom,Other (student-facilitated)
Masters in Management,2025,Rotational - (Rotation #1 - Junior Marketing Partner),Roche,Healthcare - Pharma/Biotech,Welwyn Garden City - United Kingdom,Networking (student-facilitated)
Masters in Financial Analysis,2025,Financial Spark,NIO,Industrials - Automotive,Shanghai - China,Other (student-facilitated)
Masters in Analytics and Management,2024,IT & Digital Graduate Trainee,Cathay Pacific,Industrials - Aviation,Shenzhen - China,Other (student-facilitated)
Masters in Management,2024,Network & Schedule Analyst,Aegean Airlines,Industrials - Aviation,Athens - Greece,Other (student-facilitated)
Masters in Analytics and Management,2024,Revenue Management Analyst,Singapore Airlines,Industrials - Aviation,Singapore - Singapore,Other (student-facilitated)
Masters in Analytics and Management,2024,Business Analyst Intern,Syensqo,Industrials - Chemicals,Brussels - Belgium,
Masters in Management,2025,Business Analyst Intern,Syensqo,Industrials - Chemicals,Brussels - Belgium,
Masters in Financial Analysis,2024,Summer Intern,Klesch,Industrials - Commodities,London - United Kingdom,LBS Job Board
Masters in Financial Analysis,2024,M&A Analyst,Klesch,Industrials - Commodities,London - United Kingdom,LBS Job Board
Masters in Management,2023,Key Account Manager,Hilti,Industrials - Construction,Mumbai - India,CV Book
Masters in Analytics and Management,2024,Outperformer program,Hilti,Industrials - Construction,Mumbai - India,LBS Job Board
Masters in Management,2024,Outperformer program,Hilti,Industrials - Construction,,LBS Job Board
Masters in Management,2025,Global Outperformer Program,Hilti,Industrials - Construction,Gurgaon - India,LBS Job Board
Masters in Financial Analysis,2024,Financial Analyst,Parsons Corporation,Industrials - Engineering,Abu Dhabi - United Arab Emirates,Alumni Referral
Masters in Analytics and Management,2024,Head of Data,Quick Shipping,Industrials - Logistics/Shipping/Supply Chain,Guatemala City - Guatemala,Other (student-facilitated)
Masters in Management,2025,Financial Analyst,GoFreight,Industrials - Logistics/Shipping/Supply Chain,Taipei - Taiwan,Other (student-facilitated)
Masters in Management,2025,Analyst / Associate,UniUni,Industrials - Logistics/Shipping/Supply Chain,Shanghai - China,Alumni Referral
Masters in Management,2025,"Manager, Business Development & Strategy",Tegic,Industrials - Logistics/Shipping/Supply Chain,Casablanca - Morocco,Other (student-facilitated)
Masters in Management,2023,Marketing and sales graduate program,Hilti,Industrials - Manufacturing,Birmingham  - United Kingdom,LBS Job Board
Masters in Management,2024,Business Anlayst,Hunter Douglas,Industrials - Manufacturing,Nottingham - United Kingdom,Other (student-facilitated)
Masters in Management,2025,Investment Analyst Intern,Antin Infrastructure Partners,Infrastructure,London - United Kingdom,
Masters in Financial Analysis,2025,Corporate finance and business development group assistant manager,DP World,Infrastructure,Dubai - United Arab Emirates,Other (student-facilitated)
Masters in Management,2025,Finesse Finance Graduate,Hilton,Leisure/Travel/Tourism,London - United Kingdom,Other (student-facilitated)
Masters in Management,2023,Assistant PR Consultant,Rumeur Publique,Media - Marketing / PR / Advertising,Paris - France,
Masters in Management,2024,Junior Data Consultant,Artefact,Media - Marketing / PR / Advertising,London - United Kingdom,Internship Conversion (student-facilitated)
Masters in Management,2023,Analyst - Program Office & Growth Strategy,Boost Consulting,Media - Marketing / PR / Advertising,Delhi - India,Other (student-facilitated)
Masters in Analytics and Management,2024,Data Analyst,Assembly Global,Media - Marketing / PR / Advertising,Tokyo - Japan,Networking (student-facilitated)
Masters in Management,2025,Next Gen Associate,Hearst,Media - Marketing / PR / Advertising,London - United Kingdom,Other (student-facilitated)
Masters in Analytics and Management,2024,Graduate Insights Analyst,The Economist,Media - Publishing,London - United Kingdom,Other (student-facilitated)
Masters in Management,2025,Breaking News Reporter,Business Times,Media - Publishing,Singapore - Singapore,Other (student-facilitated)
Masters in Analytics and Management,2023,Marketing Analyst,Tripledot Studios,Media - TV / Film & Entertainment,London - United Kingdom,
Masters in Analytics and Management,2023,User Acquisition - Marketing Analyst,Tripledot Studios,Media - TV / Film & Entertainment,London - United Kingdom,LBS Job Board
Masters in Management,2024,Junior Product Manager,Bytedance,Media - TV / Film & Entertainment,Dubai - United Arab Emirates,Student Club / Club Event
Masters in Analytics and Management,2024,Product Operations Manager,Bytedance,Media - TV / Film & Entertainment,Beijing - China,Other (student-facilitated)
Masters in Management,2024,Account Manager,Honeywell,Other,Bucharest - Romania,Other (student-facilitated)
Masters in Financial Analysis,2023,Equity Research Off-Cycle Analyst,Goldman Sachs,Other,London - United Kingdom,Other (student-facilitated)
Masters in Management,2023,Client Services Associate,AlphaSights,Other,London (City of) - United Kingdom,Other (student-facilitated)
Masters in Financial Analysis,2023,Investment Banking Analyst,Alantra,Other,London - United Kingdom,Other (student-facilitated)
Masters in Financial Analysis,2023,GWM Client Coverage,UBS,Other,Frankfurt Am Main - Germany,Other (student-facilitated)
Masters in Management,2023,DATA CONSULTANT,Artefact,Other,London - United Kingdom,Other (student-facilitated)
Masters in Management,2023,Intern in Transaction Services,PwC,Other,Paris - France,Other (student-facilitated)
Masters in Financial Analysis,2023,6-month Internship,Lazard,Other,Paris - France,Other (student-facilitated)
Masters in Management,2023,Sales Development program,Gartner,Other,London - United Kingdom,Other (student-facilitated)
Masters in Analytics and Management,2023,Business Improvement Specialist,JD Group,Other,Beijing - China,Other (student-facilitated)
Masters in Financial Analysis,2024,6-month Internship,ING Group,Other,London (City of) - United Kingdom,LBS Job Board
Masters in Management,2024,Marketing and Brand Strategist,Pentland Brand,Other,London - United Kingdom,Other (LBS-facilitated)
Masters in Financial Analysis,2024,Economic and accounting teacher,Huayao,Other,Shanghai - China Mainland,Other (student-facilitated)
Masters in Management,2024,Private Banking Analyst,HSBC,Other,Hong Kong SAR - Hong Kong S.A.R.,Other (student-facilitated)
Masters in Financial Analysis,2024,Junior CG Trader,SIS Limited,Other,London - United Kingdom,Other (student-facilitated)
Masters in Financial Analysis,2024,Analyst,Fairview Capital Group,Other,London - United Kingdom,LBS Job Board
Masters in Financial Analysis,2024,Finance intern,Fincore Ltd,Other,London - United Kingdom,Other (student-facilitated)
Masters in Financial Analysis,2024,Investment Banking Analyst,Barclays,Other,London - United Kingdom,Internship Conversion (student-facilitated)
Masters in Financial Analysis,2024,Valuation Analyst,Deloitte,Other,Brussels - Belgium,Other (student-facilitated)
Masters in Financial Analysis,2024,Emerging Markets Credit Research,ING Group,Other,London - United Kingdom,LBS Job Board
Masters in Management,2024,Corporate Banking Analyst,ICBC,Other,Hong Kong - Hong Kong S.A.R.,Other (student-facilitated)
Masters in Financial Analysis,2025,Investment Analyst,Partners Capital,Other,London - United Kingdom,Internship Conversion (student-facilitated)
Masters in Management,2025,Fund Finance Associate,JP Morgan Chase,Other,Edinburgh - United Kingdom,Other (student-facilitated)
Masters in Analytics and Management,2025,Technology Developer Graduate,Barclays,Other,Glasgow - United Kingdom,Internship Conversion (student-facilitated)
Masters in Management,2025,Associate Client Service,AlphaSights,Other,London - United Kingdom,Other (student-facilitated)
Masters in Management,2025,Quantitative Investment Strategies Analyst,Goldman Sachs,Other,London - United Kingdom,Internship Conversion (student-facilitated)
Masters in Financial Analysis,2025,Investment Banking Analyst,CIBC Capital Markets,Other,London - United Kingdom,Other (student-facilitated)
Masters in Management,2025,Analyst / Associate,Deloitte,Other,Shanghai - China Mainland,On-Campus Recruiting
Masters in Management,2025,Management Trainee (Property Executive),John Swire & Sons,Other,Sanya - China Mainland,Other (student-facilitated)
Masters in Management,2023,Staff Accountant,Matson Driscoll & Damico UK LLP,Professional Services,London - United Kingdom,Networking (student-facilitated)
Masters in Management,2024,Senior Business Development Consultant,Urban Company,Professional Services,Dubai - United Arab Emirates,Networking (student-facilitated)
Masters in Financial Analysis,2025,Corporate Analyst,Forvis Mazars,Professional Services,London - United Kingdom,Other (student-facilitated)
Masters in Financial Analysis,2025,Corporate Analyst,Forvis Mazars,Professional Services,London - United Kingdom,Other (student-facilitated)
Masters in Financial Analysis,2023,Internship - Part Time - Convertible,Mirastar,Real Estate - Investment,London - United Kingdom,LBS Job Board
Masters in Financial Analysis,2024,Valuation Analyst,Revantage,Real Estate - Investment,London - United Kingdom,Other (student-facilitated)
Masters in Management,2024,Investment Analyst Internship,GG Capital,Real Estate - Investment,London - United Kingdom,Alumni Referral
Masters in Financial Analysis,2024,Analyst - Real Estate Investment Banking,Mellum Capital,Real Estate - Investment,London - United Kingdom,Pre-MBA Employer
Masters in Financial Analysis,2024,Analyst,Tristan Capital,Real Estate - Investment,London - United Kingdom,Other (student-facilitated)
Masters in Financial Analysis,2024,Valuation Analyst,Revantage,Real Estate - Investment,London - United Kingdom,Other (student-facilitated)
Masters in Management,2024,Intern Analyst - Real Estate Private Equity,Black Swan Real Estate Capital,Real Estate - Investment,Paris - France,Networking (student-facilitated)
Masters in Management,2025,Assistant Freehold Portfolio Asset Manager,Grainger plc.,Real Estate - Investment,London - United Kingdom,Other (student-facilitated)
Masters in Management,2025,Graduate Surveyor,CBRE,Real Estate - Investment,London - United Kingdom,Other (student-facilitated)
Masters in Analytics and Management,2023,Customer Insights Analytics,Harrods,Retail,London - United Kingdom,Networking (LBS-facilitated)
Masters in Management,2024,Associste Product Analyst,Holland & Barrett,Retail,London - United Kingdom,Student Club / Club Event
Masters in Analytics and Management,2025,Customer Insights Analytics,Harrods,Retail,London - United Kingdom,Internship Conversion (LBS-facilitated)
Masters in Financial Analysis,2023,Blended finance intern,BlueOrchard Finance,Social Impact: Development Finance / Impact Investing,Luxembourg City - Luxembourg,
Masters in Financial Analysis,2024,Analyst,Dalberg Advisors,Social Impact: Development Finance / Impact Investing,London - United Kingdom,Other (student-facilitated)
Masters in Financial Analysis,2023,Alternative invesment specialist,World Economic Forum,Social Impact: Non-Profit / Social Enterprise / Sustainability,Geneva - Switzerland,Networking (student-facilitated)
Masters in Management,2024,Analyst,The Taskforce on Nature-related Financial Disclosures,Social Impact: Non-Profit / Social Enterprise / Sustainability,London - United Kingdom,Networking (student-facilitated)
Masters in Management,2024,Customer Success Manager,Carbo,Social Impact: Non-Profit / Social Enterprise / Sustainability,Paris - France,Other (student-facilitated)
Masters in Management,2024,Global partnership sales,IMG,Sports,London - United Kingdom,Other (student-facilitated)
Masters in Analytics and Management,2023,Commercial Analyst,Powervault,Tech - ClimateTech,,
Masters in Management,2025,Head of Operations,MUBA,Tech - ClimateTech,,
Masters in Analytics and Management,2025,Business Operations Intern,Fuse Energy,Tech - ClimateTech,London (City of) - United Kingdom,
Masters in Management,2024,Business Development Representative,Sana,Tech - EdTech,Stockholm - Sweden,Networking (student-facilitated)
Masters in Management,2023,Strategy Analyst,Start Up Lab,Tech - EdTech,Baku - Azerbaijan,Networking (student-facilitated)
Masters in Analytics and Management,2025,Senior AI Solutions Specialist,Multiverse,Tech - EdTech,London - United Kingdom,Other (student-facilitated)
Masters in Management,2025,Investment Banking Off-Cycle Analyst,Aream & Co,Tech - Electronics,London - United Kingdom,Networking (student-facilitated)
Masters in Analytics and Management,2025,"Analyst, Strategic Management",Anker Innovations,Tech - Electronics,Shenzhen - China,Other (student-facilitated)
Masters in Management,2025,Digital Marketing Graduate,Makeblock - Xtool,Tech - Electronics,Shenzhen - China,Other (student-facilitated)
Masters in Analytics and Management,2023,Business Management Associate Off-Cycle Intern,Remitly,Tech - FinTech,London - United Kingdom,Internship Conversion (LBS-facilitated)
Masters in Analytics and Management,2023,Financial Product Analyst,Bloomberg,Tech - FinTech,London - United Kingdom,Other (student-facilitated)
Masters in Analytics and Management,2023,,Wise,Tech - FinTech,London - United Kingdom,
Masters in Analytics and Management,2023,Finance Operations Analyst,Kiln,Tech - FinTech,London - United Kingdom,Internship Conversion (LBS-facilitated)
Masters in Financial Analysis,2023,Credit Settlement Risk Analyst,Visa,Tech - FinTech,London - United Kingdom,Other (student-facilitated)
Masters in Financial Analysis,2023,Data Management Professional,Bloomberg,Tech - FinTech,London - United Kingdom,Internship Conversion (student-facilitated)
Masters in Analytics and Management,2024,Credit & Commercial Analyst,Zopa,Tech - FinTech,London - United Kingdom,LBS Job Board
Masters in Management,2024,Analyst,JP Morgan Chase Digital,Tech - FinTech,London - United Kingdom,LBS Job Board
Masters in Analytics and Management,2024,Product Analyst,Wise,Tech - FinTech,London - United Kingdom,Other (student-facilitated)
Masters in Management,2024,Business Development,Arrakis Finance,Tech - FinTech,London - United Kingdom,Other (student-facilitated)
Masters in Management,2024,Business Development Analyst,Mastercard,Tech - FinTech,Taipei - Taiwan,Other (student-facilitated)
Masters in Management,2025,Associate Consultant,Visa,Tech - FinTech,Hong Kong - Hong Kong S.A.R.,Other (student-facilitated)
Masters in Management,2024,Account Executive,Revolut,Tech - FinTech,London - United Kingdom,Networking (student-facilitated)
Masters in Analytics and Management,2024,Data Analyst,Capital One,Tech - FinTech,Nottingham - United Kingdom,Other (student-facilitated)
Masters in Analytics and Management,2024,Product Manager,U-Reg,Tech - FinTech,Singapore - Singapore,Pre-MBA Employer
Masters in Management,2025,Founder’s office intern,Aspora,Tech - FinTech,London  - United Kingdom,
Masters in Management,2025,Associate Consultant,Mastercard,Tech - FinTech,Istanbul - Turkey,Other (student-facilitated)
Masters in Management,2025,Analyst Intern,OakNorth,Tech - FinTech,London - United Kingdom,
Masters in Analytics and Management,2025,Chief of Staff Intern,Shares,Tech - FinTech,Paris - France,
Masters in Management,2025,Partner & Business Development Manager,Emerging AI,Tech - FinTech,Hong Kong - Hong Kong S.A.R.,Other (student-facilitated)
Masters in Analytics and Management,2025,Technical Delivery Manager,YellowNest,Tech - FinTech,London - United Kingdom,Networking (LBS-facilitated)
Masters in Management,2025,Founder's Office Intern,Aspora,Tech - FinTech,London - United Kingdom,
Masters in Management,2025,Analytics & Sales,Bloomberg,Tech - FinTech,London - United Kingdom,Alumni Referral
Masters in Management,2025,Product & GTM,governr,Tech - FinTech,London - United Kingdom,On-Campus Recruiting
Masters in Management,2025,Founder's Office Intern,Aspora,Tech - FinTech,London - United Kingdom,
Masters in Management,2025,Graduate Programme: Strategy & Operations Manager,Revolut,Tech - FinTech,London - United Kingdom,Other (student-facilitated)
Masters in Analytics and Management,2023,Data Analyst,Archvale,Tech - HealthTech,London - United Kingdom,LBS Job Board
Masters in Management,2023,Account Executive,SomX,Tech - HealthTech,London - United Kingdom,Other (student-facilitated)
Masters in Analytics and Management,2024,Business Strategy Analyst,Doctolib,Tech - HealthTech,Paris - France,
Masters in Management,2024,Strategy Analyst,Doctolib,Tech - HealthTech,Paris - France,
Masters in Management,2025,Analyst,globemed group,Tech - HealthTech,Beirut - Lebanon,Other (student-facilitated)
Masters in Management,2025,Brand Growth Executive,Treatwell,Tech - HealthTech,London (City of) - United Kingdom,Other (student-facilitated)
Masters in Management,2023,Investment Associate,AI Forge,Tech - Incubators/Accelerators,London - United Kingdom,Networking (student-facilitated)
Masters in Analytics and Management,2025,Product Manager,Throxy,Tech - Incubators/Accelerators,London - United Kingdom,Other (student-facilitated)
Masters in Management,2023,Account Developent Manager,Domo,Tech - Information Technology,London - United Kingdom,Networking (student-facilitated)
Masters in Analytics and Management,2023,Entrepreneur in Residence,cargo.one,Tech - Information Technology,London - United Kingdom,
Masters in Financial Analysis,2023,Fundamentals Analyst,Reorg,Tech - Information Technology,London - United Kingdom,Internship Conversion (student-facilitated)
Masters in Management,2023,Graduate Program - Marketing,RVU,Tech - Information Technology,London (City of) - United Kingdom,Networking (LBS-facilitated)
Masters in Analytics and Management,2024,Strategy Analyst,Plaud AI,Tech - Information Technology,Shenzhen - China,Other (student-facilitated)
Masters in Management,2024,Product Manager Intern,Amazon,Tech - Information Technology,London - United Kingdom,Other (student-facilitated)
Masters in Analytics and Management,2024,Product Manager,Canonical,Tech - Information Technology,London - United Kingdom,Networking (student-facilitated)
Masters in Analytics and Management,2024,Data Scientist Associate Consultant,IBM,Tech - Information Technology,Brussels - Belgium,Other (student-facilitated)
Masters in Financial Analysis,2024,Corporate Finance & Strategy,Razor Group,Tech - Information Technology,Berlin - Germany,Other (student-facilitated)
Masters in Management,2024,Product Strategy,Aulysius,Tech - Information Technology,London - United Kingdom,Networking (student-facilitated)
Masters in Management,2024,Account Manager,Amazon,Tech - Information Technology,Shenzhen - China,Other (student-facilitated)
Masters in Analytics and Management,2025,AI Data Analyst,Fluent,Tech - Information Technology,London - United Kingdom,Other (student-facilitated)
Masters in Management,2024,Product Analyst,Databook,Tech - Information Technology,London - United Kingdom,Networking (LBS-facilitated)
Masters in Analytics and Management,2024,Associate Consultant - Analytics,Celonis,Tech - Information Technology,London - United Kingdom,Other (student-facilitated)
Masters in Management,2024,Business Development Representative,Amazon,Tech - Information Technology,London - United Kingdom,Other (student-facilitated)
Masters in Analytics and Management,2024,Customer Success Associate,Workhuman,Tech - Information Technology,Dublin - Ireland,Other (student-facilitated)
Masters in Analytics and Management,2025,"Analyst, Technology and Strategy",AlphaSights,Tech - Information Technology,London - United Kingdom,Other (LBS-facilitated)
Masters in Analytics and Management,2025,Strategy and Operations Lead,Performio,Tech - Information Technology,London - United Kingdom,Pre-MBA Employer
Masters in Management,2025,Program Manager,Amazon,Tech - Information Technology,London - United Kingdom,Internship Conversion (student-facilitated)
Masters in Management,2025,Analyst,AlphaSights,Tech - Information Technology,London - United Kingdom,LBS Job Board
Masters in Financial Analysis,2025,Sales Strategy Analyst,Salesforce,Tech - Information Technology,London - United Kingdom,Internship Conversion (student-facilitated)
Masters in Management,2025,Junior Data Consultant,Artefact,Tech - Information Technology,London - United Kingdom,Networking (student-facilitated)
Masters in Analytics and Management,2025,Growth Intern,Revel8,Tech - Information Technology,Berlin - Germany,
Masters in Financial Analysis,2025,Investment Analyst,Bending Spoons,Tech - Information Technology,London - United Kingdom,CV Book
Masters in Management,2025,Founder Associate,vivenu,Tech - Information Technology,Düsseldorf - Germany,Other (student-facilitated)
Masters in Management,2025,"Key Account Manager, Automobile Industry",Bytedance,Tech - Information Technology,Beijing - China,Other (student-facilitated)
Masters in Management,2023,Business Analyst Intern,Amazon,Tech - Internet/E-Commerce,London - United Kingdom,Networking (student-facilitated)
Masters in Management,2023,Globalization Operations,Mihoyo Technology,Tech - Internet/E-Commerce,Shanghai - China,Other (student-facilitated)
Masters in Analytics and Management,2023,Data Analyst,Alibaba,Tech - Internet/E-Commerce,Hangzhou - China,Alumni Referral
Masters in Management,2023,Product Manager Intern,Amazon,Tech - Internet/E-Commerce,London - United Kingdom,Other (student-facilitated)
Masters in Management,2023,Ops Coordinator,Elyn,Tech - Internet/E-Commerce,Paris - France,Other (student-facilitated)
Masters in Analytics and Management,2023,Founders' Associate,Wondercraft AI,Tech - Internet/E-Commerce,London - United Kingdom,Networking (student-facilitated)
Masters in Analytics and Management,2023,,Alibaba,Tech - Internet/E-Commerce,,
Masters in Analytics and Management,2023,Managment Trainee,Alibaba,Tech - Internet/E-Commerce,Shanghai - China,Other (student-facilitated)
Masters in Analytics and Management,2024,Data Scientist,Anyvan,Tech - Internet/E-Commerce,London - United Kingdom,Other (student-facilitated)
Masters in Management,2024,Digital Product Manager,BookBook,Tech - Internet/E-Commerce,London - United Kingdom,Pre-MBA Employer
Masters in Management,2024,Graduate Management Trainee,JD.com,Tech - Internet/E-Commerce,Beijing - China,Other (student-facilitated)
Masters in Management,2024,Marketing Analyst,PDD,Tech - Internet/E-Commerce,Shanghai - China,Other (student-facilitated)
Masters in Management,2024,Product Manager,Tencent,Tech - Internet/E-Commerce,Shenzhen - China,Other (student-facilitated)
Masters in Management,2024,Product Manager,Alibaba,Tech - Internet/E-Commerce,Hangzhou - China,Other (student-facilitated)
Masters in Analytics and Management,2024,Brand Specialist,Amazon,Tech - Internet/E-Commerce,London - United Kingdom,
Masters in Analytics and Management,2024,Strategic product manager,Kuaishou Technology,Tech - Internet/E-Commerce,Beijing - China,Other (student-facilitated)
Masters in Analytics and Management,2024,Data Analyst,Alibaba,Tech - Internet/E-Commerce,Hangzhou - China,Internship Conversion (student-facilitated)
Masters in Management,2025,Chief Strategy Officeer,aion.xyz,Tech - Internet/E-Commerce,London - United Kingdom,Internship Conversion (student-facilitated)
Masters in Management,2025,Product Manager,TikTok,Tech - Internet/E-Commerce,Shanghai - China,Other (student-facilitated)
Masters in Management,2025,Account Manager,Meta,Tech - Internet/E-Commerce,Dublin - Ireland,Networking (student-facilitated)
Masters in Management,2025,Strategy & Planning Senior Analyst,DiDi,Tech - Internet/E-Commerce,Beijing - China Mainland,Other (student-facilitated)
Masters in Management,2025,Product Management,Alibaba,Tech - Internet/E-Commerce,Hangzhou - China,Internship Conversion (student-facilitated)
Masters in Analytics and Management,2025,Junior Software Engineer,Meta,Tech - Internet/E-Commerce,London - United Kingdom,Other (student-facilitated)
Masters in Management,2025,Client Success Associate,Rokt,Tech - Internet/E-Commerce,London - United Kingdom,Other (student-facilitated)
Masters in Analytics and Management,2025,"Cloud Engineer, AI",Google,Tech - Internet/E-Commerce,Hyderabad - India,Other (student-facilitated)
Masters in Management,2025,E-Commerce Intern,TikTok,Tech - Internet/E-Commerce,London - United Kingdom,
Masters in Financial Analysis,2025,REPE analyst,JD.com,Tech - Internet/E-Commerce,Shanghai - China,Internship Conversion (student-facilitated)
Masters in Analytics and Management,2025,Solutions Architect,Meta,Tech - Internet/E-Commerce,London - United Kingdom,Other (student-facilitated)
Masters in Analytics and Management,2025,AI Product Manager,Alibaba,Tech - Internet/E-Commerce,,On-Campus Recruiting
Masters in Analytics and Management,2025,LLM Training Data Operation and Analysis,Xiaohongshu,Tech - Internet/E-Commerce,Shanghai - China,Other (student-facilitated)
Masters in Analytics and Management,2025,Trainee,PDD,Tech - Internet/E-Commerce,Shanghai - China,Other (student-facilitated)
Masters in Management,2025,Game Designer,Mihoyo Technology,Tech - Internet/E-Commerce,Shanghai - China,Other (student-facilitated)
Masters in Management,2024,,Jeebly,Tech - Mobility,Dubai - United Arab Emirates,
Masters in Management,2025,Business Anlayst,DiDi,Tech - Mobility,Beijing - China,Networking (student-facilitated)
Masters in Analytics and Management,2023,Junior Analyst,Space Leasing International,Tech - PropTech,London - United Kingdom,LBS Job Board
Masters in Analytics and Management,2023,Business Analyst Role,Houst,Tech - PropTech,,
Masters in Management,2024,GTM Strategy,Xiaomi,Tech - Telecommunications,Beijing - China Mainland,Other (student-facilitated)
Masters in Management,2024,Equity Research Associate,CLSA,Tech - Telecommunications,Hong Kong - Hong Kong S.A.R.,Other (student-facilitated)
Masters in Analytics and Management,2025,Campaign Project Intern,TikTok,Tech - Telecommunications,London - United Kingdom,Networking (student-facilitated)
Masters in Analytics and Management,2025,Product Manager,Xiaomi,Tech - Telecommunications,Beijing - China Mainland,Other (student-facilitated)
Masters in Management,2023,Investment Analyst,MENA Moonshots,Venture Capital,,Other (student-facilitated)
Masters in Management,2024,Visiting Analyst,Antler,Venture Capital,London - United Kingdom,LBS Job Board
Masters in Financial Analysis,2023,Visiting Analyst,Redalpine,Venture Capital,Berlin - Germany,Other (student-facilitated)
Masters in Financial Analysis,2023,Associate -  Venture Capital,Signals Venture Capital,Venture Capital,Berlin - Germany,Other (student-facilitated)
Masters in Management,2023,VC Analyst Intern,Newfund,Venture Capital,Paris - France,Other (LBS-facilitated)
Masters in Analytics and Management,2024,Alternative Investment Internn,IRIS,Venture Capital,Berlin - Germany,Networking (student-facilitated)
Masters in Financial Analysis,2024,VC Analyst,Alven Capital,Venture Capital,Paris - France,Other (student-facilitated)
Masters in Analytics and Management,2024,Analyst,Reazon Capital,Venture Capital,Tokyo - Japan,Other (student-facilitated)
Masters in Management,2025,Venture Capital Off-Cycle Analyst,NEVA SGR,Venture Capital,Turin - Italy,
